DATE,10-Year Real Interest Rate,Bank Credit All Commercial Banks,CPI All Urban Consumers,CPI All Items,Continued Claims (Insured Unemployment),Federal Funds Rate,GDP,Households Owners Equity in Real Estate Level,M1,M2,Median CPI,Personal Savings Rate,Real GDP,Sticky Price Consumer Price Index less Food and Energy,Sticky Price Consumer Price Index,Unemployment Rate,NASDAQ Price,S&P 500 Price,Economic Health Index
4/2/2023,1.437243164,17279.72451,302.0317755,0.521570056,1802032.939,4.822845395,26495.75457,30987.1613,18876.25473,20814.23132,4.928852409,5.089766268,20253.60146,6.44907552,0.385450832,3.58991827,12203.13478,4096.109773,618917.7248
4/9/2023,1.44503696,17267.95471,302.200444,0.536244775,1701966.647,4.818050504,26511.04181,30994.34899,18887.69807,20794.26377,4.926282715,5.088829392,20255.53496,6.441730898,0.383837692,3.586309605,12195.84785,4088.199341,590559.941
4/16/2023,1.441428209,17254.01001,302.3788393,0.523285321,1750740.639,4.854176264,26523.08199,31007.2822,18886.09762,20775.49357,4.929539032,5.083480835,20251.96547,6.44147076,0.385368352,3.584203694,12185.29385,4088.598944,604337.7705
4/23/2023,1.439816822,17241.7881,302.5342962,0.559264967,1720615.27,4.848919671,26534.70527,31020.50658,18880.67539,20753.52608,4.907054528,5.1,20245.64059,6.440056883,0.383313675,3.599981731,12212.72946,4099.51275,595807.8743
4/30/2023,1.437243164,17228.03378,302.7047505,0.521570056,1713953.248,4.889633633,26563.32483,31024.78665,18877.30654,20744.74102,4.928852409,5.089766268,20263.57129,6.438302456,0.385450832,3.589918269,12208.22782,4096.243275,593913.6575
5/7/2023,1.44503696,17216.79331,302.869077,0.536244775,1614767.753,4.871481095,26577.88321,31031.59486,18888.73937,20725.49253,4.926282715,5.088829392,20265.39942,6.431548459,0.383837692,3.586309604,12200.79156,4088.331507,565805.8571
5/14/2023,1.441428209,17203.37252,303.0431584,0.523285321,1664413.734,4.896920736,26589.2024,31044.15243,18887.1285,20707.43396,4.929539032,5.083480835,20261.72567,6.431846565,0.385368352,3.584203693,12190.09261,4088.729789,579831.1743
5/21/2023,1.439816822,17191.66915,303.1943292,0.559264967,1635151.633,4.883115249,26600.11246,31057.00494,18881.69597,20686.17074,4.907054528,5.1,20255.29764,6.430960327,0.383313675,3.59998173,12217.38751,4099.642286,571546.2943
5/28/2023,1.437243164,17178.42806,303.360525,0.521570056,1629344.248,4.916990096,26628.02649,31060.91691,18878.31691,20678.08265,4.928852409,5.089766268,20273.12627,6.429704612,0.385450832,3.589918269,12212.74929,4096.371515,569894.6469
6/4/2023,1.44503696,17167.69557,303.5206205,0.536244775,1531004.843,4.893366265,26641.88696,31067.36072,18889.73964,20659.52392,4.926282715,5.088829392,20274.85341,6.423421985,0.383837692,3.586309603,12205.18046,4088.458465,542026.9929
6/11/2023,1.441428209,17154.77756,303.6904982,0.523285321,1581488.453,4.914428872,26652.51576,31079.55757,18888.11877,20642.14797,4.929539032,5.083480835,20271.07975,6.424165619,0.385368352,3.584203693,12194.35282,4088.855478,556290.0576
6/18/2023,1.439816822,17143.57181,303.8374924,0.559264967,1553055.606,4.897121758,26662.74289,31092.053,18882.67633,20621.56031,4.907054528,5.1,20264.55285,6.423700483,0.383313675,3.59998173,12221.52281,4099.766718,548240.5501
6/25/2023,1.437243164,17130.82326,303.9995385,0.521570056,1548069.18,4.928195303,26689.98135,31095.61148,18879.28747,20614.14079,4.928852409,5.089766268,20282.28367,6.422842783,0.385450832,3.589918268,12216.76335,4096.494703,546821.9235
7/2/2023,1.44503696,17120.57825,304.1555112,0.536244775,1450542.526,4.90233043,26703.17353,31101.70538,18890.70049,20596.24371,4.926282715,5.088829392,20283.91403,6.416936351,0.383837692,3.586309603,12209.07682,4088.580421,519184.962
7/9/2023,1.441428209,17108.14274,304.3212926,0.523285321,1501830.759,4.921600205,26713.14126,31113.55583,18889.07001,20579.52257,4.929539032,5.083480835,20280.0446,6.418035554,0.385368352,3.584203692,12198.13494,4088.976214,533676.4142
7/16/2023,1.439816822,17097.41454,304.464217,0.559264967,1474194.489,4.902858824,26722.71443,31125.70837,18883.61805,20559.58293,4.907054528,5.1,20273.42296,6.417906494,0.383313675,3.599981729,12225.19404,4099.886246,525853.0119
7/23/2023,1.437243164,17085.13865,304.6222195,0.521570056,1469996.675,4.932784955,26749.30601,31128.92742,18880.21978,20552.80474,4.928852409,5.089766268,20291.06003,6.417366445,0.385450832,3.589918267,12220.32693,4096.613036,524658.2311
7/30/2023,1.44503696,17075.36147,304.7741748,0.536244775,1373250.745,4.906002153,26761.85827,31134.6853,18891.62347,20535.54235,4.926282715,5.088829392,20292.59764,6.411760249,0.383837692,3.586309602,12212.53592,4088.697571,497242.8785
8/6/2023,1.441428209,17063.38899,304.9359646,0.523285321,1425311.896,4.924537583,26771.19299,31146.20313,18889.98377,20519.44933,4.929539032,5.083480835,20288.63643,6.413143228,0.385368352,3.584203691,12201.49261,4089.092192,511953.7249
8/13/2023,1.439816822,17053.11909,305.0749231,0.559264967,1398440.815,4.905208726,26780.13998,31158.0264,18884.52268,20500.13131,4.907054528,5.1,20281.92399,6.413282386,0.383313675,3.599981728,12228.45326,4100.001065,504347.5242
8/20/2023,1.437243164,17041.2968,305.2289855,0.521570056,1395000.537,4.934664877,26806.11213,31160.9195,18881.11535,20493.9683,4.928852409,5.089766268,20299.47121,6.41299585,0.385450832,3.589918267,12223.49059,4096.726707,503367.7743
8/27/2023,1.44503696,17031.96857,305.3770259,0.536244775,1299004.569,4.90750609,26818.05165,31166.35472,18892.51009,20477.31474,4.926282715,5.088829392,20300.91992,6.407629269,0.383837692,3.586309601,12215.60682,4088.810105,476165.3035
9/3/2023,1.441428209,17020.44044,305.5349262,0.523285321,1351808.182,4.925740732,26826.78022,31177.55315,18890.86152,20461.82424,4.929539032,5.083480835,20296.87076,6.409238726,0.385368352,3.584203691,12204.47347,4089.203601,491086.9041
9/10/2023,1.439816822,17010.61034,305.6700203,0.559264967,1325672.137,4.906171246,26835.12762,31189.06023,18885.39165,20443.10251,4.907054528,5.1,20290.07128,6.409591945,0.383313675,3.599981728,12231.34672,4100.111359,483689.3512
9/17/2023,1.437243164,16999.22336,305.8202432,0.521570056,1322959.547,4.935434893,26860.50663,31191.64033,18881.97564,20437.52962,4.928852409,5.089766268,20307.5324,6.409507735,0.385450832,3.589918266,12226.29921,4096.835898,482916.1636
9/24/2023,1.44503696,16990.32597,305.9644688,0.536244775,1227683.989,4.908122103,26871.85941,31196.76572,18893.36178,20421.46006,4.926282715,5.088829392,20308.89591,6.404332386,0.383837692,3.586309601,12218.33309,4088.918204,455918.1907
10/1/2023,1.441428209,16979.22428,306.118579,0.523285321,1281200.807,4.926233543,26880.00759,31207.65743,18891.70469,20406.54753,4.929539032,5.083480835,20304.76245,6.406122593,0.385368352,3.58420369,12207.11981,4089.310619,471042.245
10/8/2023,1.439816822,16969.81625,306.2499074,0.559264967,1255770.836,4.906565494,26887.78084,31218.86089,18886.22639,20388.39779,4.907054528,5.1,20297.87957,6.406646651,0.383313675,3.599981727,12233.91546,4100.217308,463845.1224
10/15/2023,1.437243164,16958.847,306.3963889,0.521570056,1253757.259,4.935750292,26912.5919,31221.14043,18882.80203,20383.39097,4.928852409,5.089766268,20315.25816,6.406723914,0.385450832,3.589918265,12228.79264,4096.940787,463270.3616
10/22/2023,1.44503696,16950.36308,306.5368973,0.536244775,1159173.724,4.908374422,26923.38286,31225.96829,18894.1799,20367.88162,4.926282715,5.088829392,20316.54002,6.401701187,0.383837692,3.5863096,12220.7534,4089.022044,436468.8322
10/29/2023,1.441428209,16939.67062,306.6873142,0.523285321,1213375.645,4.926435398,26930.97526,31236.56547,18892.51463,20353.52351,4.929539032,5.083480835,20312.32577,6.403635647,0.385368352,3.584203689,12209.46916,4089.413421,451787.3664
11/5/2023,1.439816822,16930.66763,306.8149732,0.559264967,1188623.926,4.906726978,26938.19874,31247.47738,18887.02823,20335.92244,4.907054528,5.1,20305.36296,6.40429605,0.383313675,3.599981726,12236.19593,4100.319081,444782.7797
11/12/2023,1.437243164,16920.09928,306.9578089,0.521570056,1187281.817,4.935879479,26962.46596,31249.46831,18883.59585,20331.45862,4.928852409,5.089766268,20322.66246,6.404502183,0.385450832,3.589918265,12231.00624,4097.041543,444398.6304
11/19/2023,1.44503696,16912.01215,307.0946951,0.536244775,1093363.037,4.908477771,26972.71895,31254.01046,18894.96579,20316.48665,4.926282715,5.088829392,20323.86606,6.39960126,0.383837692,3.586309599,12222.9021,4089.121792,417785.807
11/26/2023,1.441428209,16901.71241,307.2415132,0.523285321,1148223.065,4.926518078,26979.77919,31264.32482,18893.29266,20302.66036,4.929539032,5.083480835,20319.57438,6.401650847,0.385368352,3.584203689,12211.55486,4089.512172,433291.161
12/3/2023,1.439816822,16893.09812,307.3655965,0.559264967,1124122.871,4.906793122,26986.47624,31274.95675,18887.79848,20285.58561,4.907054528,5.1,20312.53496,6.402420066,0.383313675,3.599981726,12238.22047,4100.416845,426471.5265
12/10/2023,1.437243164,16882.91449,307.5048797,0.521570056,1123425.773,4.935932394,27010.2227,31276.67054,18884.3584,20281.64266,4.928852409,5.089766268,20329.75866,6.402729048,0.385450832,3.589918264,12232.97143,4097.138328,426270.4806
12/17/2023,1.44503696,16875.20815,307.6382362,0.536244775,1030145.553,4.908520104,27019.96055,31280.93833,18895.72071,20267.18617,4.926282715,5.088829392,20330.88726,6.397925336,0.383837692,3.586309599,12224.80967,4089.21761,399838.9302
12/24/2023,1.441428209,16865.28529,307.7815474,0.523285321,1085637.756,4.926551943,27026.51121,31290.98111,18894.04003,20253.87002,4.929539032,5.083480835,20326.52138,6.400066804,0.385368352,3.584203688,12213.40649,4089.607031,415523.7452
12/31/2023,1.439816822,16857.04403,307.9021465,0.559264967,1062163.416,4.906820214,27032.70418,31301.3442,18888.53837,20237.30014,4.907054528,5.1,20319.40853,6.400922866,0.383313675,3.599981725,12240.01782,4100.510756,408881.7777
1/7/2024,1.437243164,16847.2296,308.0379678,0.521570056,1062085.912,4.935954068,27055.952,31302.79185,18885.09089,20233.85684,4.928852409,5.089766268,20336.55959,6.401313931,0.385450832,3.589918264,12234.71607,4097.2313,408856.6227
1/14/2024,1.44503696,16839.88868,308.167885,0.536244775,969419.0906,4.908537443,27065.19659,31306.7962,18896.44588,20219.89483,4.926282715,5.088829392,20337.61631,6.396587802,0.383837692,3.586309598,12226.50316,4089.309652,382599.2049
1/21/2024,1.441428209,16830.32751,308.3077789,0.523285321,1025518.558,4.926565815,27071.2593,31316.57818,18894.75795,20207.06803,4.929539032,5.083480835,20333.17932,6.398802599,0.385368352,3.584203688,12215.05033,4089.698153,398456.4116
1/28/2024,1.439816822,16822.44422,308.4249828,0.559264967,1002645.41,4.906831311,27076.96959,31326.6831,18889.24911,20190.98245,4.907054528,5.1,20325.9961,6.399727971,0.383313675,3.599981725,12241.61345,4100.600966,391985.1125
2/4/2024,1.437243164,16812.98411,308.5574308,0.521570056,1003163.086,4.935962946,27099.73994,31327.87519,18885.79453,20188.01842,4.928852409,5.089766268,20343.07753,6.400184545,0.385450832,3.589918263,12236.26492,4097.320609,392128.9198
2/11/2024,1.44503696,16805.99387,308.6839964,0.536244775,911085.4931,4.908544545,27108.5122,31331.62656,18897.14248,20174.53073,4.926282715,5.088829392,20344.06537,6.395520334,0.383837692,3.586309598,12228.00659,4089.398068,366038.7751
2/18/2024,1.441428209,16796.77979,308.8205605,0.523285321,967768.2965,4.926571496,27114.10768,31341.15811,18895.44758,20162.17335,4.929539032,5.083480835,20339.56021,6.397793654,0.385368352,3.584203687,12216.50968,4089.785684,382061.5827
2/25/2024,1.439816822,16789.24005,308.9344559,0.559264967,945472.6507,4.906835857,27119.35578,31351.01513,18889.93185,20146.55232,4.907054528,5.1,20332.30956,6.39877434,0.383313675,3.599981724,12243.03002,4100.687622,375754.229
3/3/2024,1.437243164,16780.11995,309.0636169,0.521570056,946562.0551,4.935966582,27141.66892,31351.96182,18886.47044,20144.04805,4.928852409,5.089766268,20349.32427,6.399283197,0.385450832,3.589918263,12237.63995,4097.406398,376060.3425
3/10/2024,1.44503696,16773.46625,309.1869166,0.536244775,855050.472,4.908547454,27149.98891,31355.47026,18897.81163,20131.01535,4.926282715,5.088829392,20350.24608,6.394668401,0.383837692,3.586309597,12229.34131,4089.482999,350130.8815
3/17/2024,1.441428209,16764.58527,309.3202359,0.523285321,912293.6257,4.926573824,27155.137,31364.76133,18896.11004,20119.10826,4.929539032,5.083480835,20345.6756,6.396988427,0.385368352,3.584203687,12217.80526,4089.869766,366312.7664
3/24/2024,1.439816822,16757.3752,309.4309075,0.559264967,890552.7265,4.906837719,27159.94253,31374.3803,18890.58768,20103.93285,4.907054528,5.1,20338.36031,6.39801326,0.383313675,3.599981724,12244.28761,4100.770864,360162.8995
3/31/2024,1.437243164,16748.58141,309.5568654,0.521570056,892191.3302,4.935968071,27181.81787,31375.09133,18887.11971,20101.86959,4.928852409,5.089766268,20355.31107,6.398563842,0.385450832,3.589918262,12238.86067,4097.488807,360624.9254
4/7/2024,1.44503696,16742.25068,309.6769827,0.536244775,801223.4544,4.908548645,27189.70479,31378.36649,18898.45441,20089.27335,4.926282715,5.088829392,20356.16961,6.393988484,0.383837692,3.586309597,12230.52624,4089.564584,334849.8181
4/14/2024,1.441428209,16733.68935,309.8071401,0.523285321,859004.8782,4.926574777,27194.42448,31387.42664,18896.74639,20077.79819,4.929539032,5.083480835,20351.53653,6.396345787,0.385368352,3.584203686,12218.95545,4089.950535,351184.5134
4/21/2024,1.439816822,16726.79566,309.9146702,0.559264967,837796.8665,4.906838481,27198.80622,31396.81701,18891.21767,20063.05025,4.907054528,5.1,20344.1593,6.397405851,0.383313675,3.599981723,12245.40407,4100.850825,345185.9292
4/28/2024,1.437243164,16718.31502,310.037507,0.521570056,839963.0288,4.935968681,27220.26236,31397.30176,18887.7434,20061.41003,4.928852409,5.089766268,20361.04877,6.397989734,0.385450832,3.589918262,12239.9444,4097.567969,345797.7253
5/5/2024,1.44503696,16712.29422,310.1545232,0.536244775,749517.436,4.908549134,27227.73459,31400.35291,18899.07186,20049.23244,4.926282715,5.088829392,20361.84667,6.393445851,0.383837692,3.586309596,12231.57819,4089.642954,320170.8908
5/12/2024,1.441428209,16704.03965,310.2815995,0.523285321,807815.92,4.926575167,27232.04407,31409.19132,18897.35767,20038.17162,4.929539032,5.083480835,20357.15358,6.395832903,0.385368352,3.584203686,12219.97656,4090.028122,336652.3764
5/19/2024,1.439816822,16697.44959,310.3860685,0.559264967,787119.7979,4.906838794,27236.02003,31418.36218,18891.82284,20023.83372,4.907054528,5.1,20349.71699,6.396921086,0.383313675,3.599981723,12246.39524,4100.927635,330799.115
5/26/2024,1.437243164,16689.26946,310.5058638,0.521570056,789792.7308,4.935968931,27257.07475,31418.62962,18888.34252,20022.5993,4.928852409,5.089766268,20366.54772,6.397531546,0.385450832,3.589918261,12240.9065,4097.644011,331554.7809
6/2/2024,1.44503696,16683.5461,310.6198583,0.536244775,699848.841,4.908549333,27264.1499,31421.46567,18899.66498,20010.82332,4.926282715,5.088829392,20367.2875,6.393012783,0.383837692,3.586309596,12232.51208,4089.718236,306070.3777
6/9/2024,1.441428209,16675.58592,310.7439323,0.523285321,758644.011,4.926575327,27268.06657,31430.09114,18897.94486,20000.15994,4.929539032,5.083480835,20362.53691,6.395423577,0.385368352,3.584203685,12220.88307,4090.102651,322692.8707
6/16/2024,1.439816822,16669.28723,310.8454183,0.559264967,738439.608,4.906838922,27271.65397,31439.05121,18892.40416,19986.21537,4.907054528,5.1,20355.04342,6.396534202,0.383313675,3.599981722,12247.27518,4101.001419,316979.2068
6/23/2024,1.437243164,16661.39549,310.96225,0.521570056,741599.3428,4.935969034,27292.32433,31439.11,18888.91802,19985.37022,4.928852409,5.089766268,20371.81786,6.397165872,0.385450832,3.589918261,12241.76064,4097.717057,317873.0745
6/30/2024,1.44503696,16655.95757,311.0732999,0.536244775,652137.3869,4.908549415,27299.01925,31441.73949,18900.23474,19973.97948,4.926282715,5.088829392,20372.50194,6.392667156,0.383837692,3.586309595,12233.34117,4089.790552,292525.4912
7/7/2024,1.441428209,16648.2799,311.1944483,0.523285321,711409.6714,4.926575393,27302.5598,31450.16049,18898.50892,19963.69734,4.929539032,5.083480835,20367.69624,6.3950969,0.385368352,3.584203685,12221.68785,4090.174243,309283.4362
7/14/2024,1.439816822,16642.26084,311.2930277,0.559264967,691677.6118,4.906838974,27305.77513,31458.91815,18892.96257,19950.13008,4.907054528,5.1,20360.14822,6.396225434,0.383313675,3.599981722,12248.05636,4101.072296,303703.8699
7/21/2024,1.437243164,16634.64586,311.4069714,0.521570056,695304.9666,4.935969076,27326.07744,31458.77656,18889.47085,19949.65833,4.928852409,5.089766268,20376.86871,6.396874032,0.385450832,3.58991826,12242.51892,4097.787225,304730.4944
7/28/2024,1.44503696,16629.48185,311.515152,0.536244775,606305.9544,4.908549449,27332.40828,31461.2077,18900.78204,19938.63712,4.926282715,5.088829392,20377.49941,6.392391317,0.383837692,3.586309595,12234.07722,4089.860018,279514.3407
8/4/2024,1.441428209,16622.07531,311.6334496,0.523285321,666036.5532,4.92657542,27335.58867,31469.43235,18899.05074,19928.7207,4.929539032,5.083480835,20372.64089,6.394836183,0.385368352,3.584203684,12222.40232,4090.243015,296402.401
8/11/2024,1.439816822,16616.32459,311.7291966,0.559264967,646758.2248,4.906838995,27338.44773,31477.99564,18893.49898,19915.51537,4.907054528,5.1,20365.04061,6.39597901,0.383313675,3.599981721,12248.74988,4101.140379,290951.6491
8/18/2024,1.437243164,16608.9752,311.8403262,0.521570056,650834.7734,4.935969093,27358.39761,31477.66164,18890.0019,19915.4018,4.928852409,5.089766268,20381.70939,6.396641118,0.385450832,3.58991826,12243.1921,4097.854628,292105.8
8/25/2024,1.44503696,16604.07407,311.9457108,0.536244775,562280.4632,4.908549463,27364.37982,31479.90232,18901.30777,19904.73506,4.926282715,5.088829392,20382.28893,6.392171172,0.383837692,3.586309595,12234.73067,4089.926747,267015.8976
9/1/2024,1.441428209,16596.92771,312.0612305,0.523285321,622451.317,4.926575431,27367.21535,31487.93842,18899.57122,19895.16945,4.929539032,5.083480835,20377.3798,6.394628108,0.385368352,3.584203684,12223.0366,4090.309076,284028.9469
9/8/2024,1.439816822,16591.43451,312.1542175,0.559264967,603608.8409,4.906839004,27369.73327,31496.31506,18894.01426,19882.3113,4.907054528,5.1,20369.72943,6.395782343,0.383313675,3.599981721,12249.36556,4101.20578,278701.9341
9/15/2024,1.437243164,16584.34,312.2626049,0.521570056,608116.8834,4.9359691,27389.34568,31495.7963,18890.51202,19882.54131,4.928852409,5.089766268,20386.34865,6.396455233,0.385450832,3.58991826,12243.78973,4097.919375,279978.587
9/22/2024,1.44503696,16579.69114,312.365265,0.536244775,519989.7521,4.908549468,27394.99406,31497.85408,18901.81279,19872.21461,4.926282715,5.088829392,20386.87917,6.391995478,0.383837692,3.586309594,12235.31078,4089.990846,255009.9616
9/29/2024,1.441428209,16572.79447,312.4780778,0.523285321,580583.5129,4.926575435,27397.49937,31505.70912,18900.07119,19862.98551,4.929539032,5.083480835,20381.92152,6.394462046,0.385368352,3.584203684,12223.5997,4090.372535,272143.0753
10/6/2024,1.439816822,16567.5484,312.5683753,0.559264967,562159.7149,4.906839008,27399.69062,31513.90654,18894.50923,19850.46039,4.907054528,5.1,20374.22315,6.395625385,0.383313675,3.599981721,12249.91216,4101.268604,266934.9265
10/13/2024,1.437243164,16560.69849,312.6740905,0.521570056,567082.2486,4.935969103,27418.97989,31513.21036,18891.00204,19851.01999,4.928852409,5.089766268,20390.79488,6.39630688,0.385450832,3.589918259,12244.3203,4097.98157,268329.2547
10/20/2024,1.44503696,16556.29173,312.7740958,0.536244775,479365.4637,4.908549471,27424.30863,31515.0925,18902.29791,19841.01946,4.926282715,5.088829392,20391.2784,6.391855259,0.383837692,3.586309594,12235.82579,4090.05242,243477.128
10/27/2024,1.441428209,16549.63468,312.8842709,0.523285321,540365.4674,4.926575437,27426.49773,31522.77368,18900.55146,19832.11316,4.929539032,5.083480835,20386.27425,6.394329514,0.385368352,3.584203683,12224.09961,4090.433493,260725.5754
11/3/2024,1.439816822,16544.62577,312.9719476,0.559264967,522343.8498,4.906839009,27428.37618,31530.79899,18894.98469,19819.90749,4.907054528,5.1,20378.52989,6.395500119,0.383313675,3.59998172,12250.39741,4101.328953,255631.6072
11/10/2024,1.437243164,16538.0106,313.0750591,0.521570056,527664.5422,4.935969104,27447.35603,31529.93244,18891.47275,19820.78324,4.928852409,5.089766268,20395.0561,6.396188482,0.385450832,3.589918259,12244.79132,4098.041315,257138.9742
11/17/2024,1.44503696,16533.83617,313.1724773,0.536244775,440341.9343,4.908549471,27452.37868,31531.64593,18902.76392,19811.0956,4.926282715,5.088829392,20395.49458,6.391743351,0.383837692,3.586309593,12236.283,4090.111567,232398.7561
11/24/2024,1.441428209,16527.40906,313.2800821,0.523285321,501732.1734,4.926575438,27454.265,31539.16016,18901.01281,19802.49894,4.929539032,5.083480835,20390.44587,6.394223742,0.385368352,3.584203683,12224.54342,4090.492048,249757.9931
12/1/2024,1.439816822,16522.62775,313.3652051,0.559264967,484096.8887,4.90683901,27455.84394,31547.0202,18895.44142,19790.59971,4.907054528,5.1,20382.65742,6.395400146,0.383313675,3.59998172,12250.8282,4101.386923,244773.7065
12/8/2024,1.437243164,16516.23785,313.4657793,0.521570056,489800.0507,4.935969104,27474.52751,31545.99005,18891.92491,19791.77873,4.928852409,5.089766268,20399.14,6.39609399,0.385450832,3.589918258,12245.20949,4098.098706,246389.6585
12/15/2024,1.44503696,16512.28638,313.5606766,0.536244775,402856.0877,4.908549472,27479.25707,31547.54159,18903.21156,19782.39122,4.926282715,5.088829392,20399.53532,6.39165404,0.383837692,3.586309593,12236.6889,4090.168384,221756.9395
12/22/2024,1.441428209,16506.07995,313.6657768,0.523285321,464621.1852,4.926575438,27480.85346,31554.8955,18901.45597,19774.09158,4.929539032,5.083480835,20394.44391,6.394139326,0.385368352,3.584203683,12224.93742,4090.548297,239222.6007
12/29/2024,1.439816822,16501.51705,313.7484113,0.559264967,447357.0105,4.90683901,27482.1456,31562.59684,18895.88016,19762.48631,4.907054528,5.1,20386.6132,6.395320359,0.383313675,3.59998172,12251.21065,4101.442609,234343.6742
1/5/2025,1.437243164,16495.34333,313.8465131,0.521570056,453427.5713,4.935969105,27500.54546,31561.40959,18892.35926,19763.95623,4.928852409,5.089766268,20403.05398,6.396018577,0.385450832,3.589918258,12245.58072,4098.153835,236063.9327
1/12/2025,1.44503696,16491.60583,313.938954,0.536244775,366847.3331,4.908549472,27504.99437,31562.80561,18903.64156,19754.85662,4.926282715,5.088829392,20403.40794,6.391582761,0.383837692,3.586309593,12237.04925,4090.222962,211534.4772
1/19/2025,1.441428209,16485.61117,314.0416135,0.523285321,428972.5181,4.926575438,27506.31315,31570.00557,18901.88167,19746.8419,4.929539032,5.083480835,20398.27559,6.394071956,0.385368352,3.584203682,12225.28721,4090.602329,229102.3694
1/26/2025,1.439816822,16481.25788,314.1218232,0.559264967,412064.8301,4.90683901,27507.33066,31577.55452,18896.3016,19735.5186,4.907054528,5.1,20390.40439,6.395256681,0.383313675,3.599981719,12251.55018,4101.496101,224324.6515
2/2/2025,1.437243164,16475.29162,314.2175157,0.521570056,418488.3126,4.935969105,27525.45886,31576.21641,18892.77649,19737.26758,4.928852409,5.089766268,20406.8051,6.395958391,0.385450832,3.589918258,12245.9103,4098.206792,226145.1066
2/9/2025,1.44503696,16471.75945,314.3075629,0.536244775,332257.467,4.908549472,27529.63904,31577.46309,18904.05462,19728.44413,4.926282715,5.088829392,20407.11941,6.391525875,0.383837692,3.586309592,12237.36916,4090.275389,201714.8457
2/16/2025,1.441428209,16465.96803,314.4078442,0.523285321,394728.5507,4.926575438,27530.69198,31584.51523,18902.2906,19720.70272,4.929539032,5.083480835,20401.94784,6.394018188,0.385368352,3.584203682,12225.59774,4090.654232,219380.9406
2/23/2025,1.439816822,16461.81589,314.485691,0.559264967,378163.3023,4.90683901,27531.44653,31591.91783,18896.70644,19709.6499,4.907054528,5.1,20394.03782,6.395205861,0.383313675,3.599981719,12251.8516,4101.547485,214700.4434
3/2/2025,1.437243164,16456.04872,314.5790359,0.521570056,384925.8002,4.935969105,27549.3146,31590.43486,18893.17728,19711.66657,4.928852409,5.089766268,20410.40013,6.395910357,0.385450832,3.589918257,12246.20288,4098.257662,216617.1471
3/9/2025,1.44503696,16452.7136,314.6667507,0.536244775,299030.5797,4.908549472,27553.23746,31591.53815,18904.4514,19703.10803,4.926282715,5.088829392,20410.67644,6.391480474,0.383837692,3.586309592,12237.65317,4090.325751,192282.1723
3/16/2025,1.441428209,16447.11721,314.7647145,0.523285321,361833.9323,4.926575438,27554.03585,31598.44832,18902.68342,19695.62879,4.929539032,5.083480835,20405.46728,6.393975277,0.385368352,3.584203682,12225.87342,4090.70409,210042.6005
3/23/2025,1.439816822,16443.15812,314.8402588,0.559264967,345597.6301,4.90683901,27554.5386,31605.71041,18897.09533,19684.83543,4.907054528,5.1,20397.52007,6.395165303,0.383313675,3.599981719,12252.1192,4101.596844,205455.4932
3/30/2025,1.437243164,16437.582,314.9313161,0.521570056,352685.7847,4.935969105,27572.15758,31604.08832,18893.56228,19687.10886,4.928852409,5.089766268,20413.84557,6.395872022,0.385450832,3.589918257,12246.46264,4098.306528,207464.653
4/6/2025,1.44503696,16434.43599,315.0167579,0.536244775,267112.9643,4.908549472,27575.83404,31605.05391,18904.83255,19678.80444,4.926282715,5.088829392,20414.08547,6.391444241,0.383837692,3.586309592,12237.90531,4090.374128,183221.2097
4/13/2025,1.441428209,16429.02677,315.1124635,0.523285321,330235.4931,4.926575438,27576.38869,31611.82777,18903.06075,19671.57669,4.929539032,5.083480835,20408.84028,6.39394103,0.385368352,3.584203681,12226.11816,4090.751983,201072.254
4/20/2025,1.439816822,16425.25293,315.1857642,0.559264967,314315.1752,4.90683901,27576.65032,31618.95491,18897.46889,19661.03221,4.907054528,5.1,20400.85742,6.395132933,0.383313675,3.599981718,12252.35677,4101.644259,196574.8568
4/27/2025,1.437243164,16419.86017,315.2745923,0.521570056,321716.1544,4.935969105,27594.03079,31617.19925,18893.93211,19663.55196,4.928852409,5.089766268,20417.14765,6.395841427,0.385450832,3.589918257,12246.69324,4098.353468,198672.8295
5/4/2025,1.44503696,16416.89563,315.3578193,0.536244775,236453.0303,4.908549472,27597.47132,31618.0326,18905.19868,19655.49129,4.926282715,5.088829392,20417.35265,6.391415323,0.383837692,3.586309592,12238.12915,4090.420598,174517.311
5/11/2025,1.441428209,16411.66603,315.4513245,0.523285321,299882.1584,4.926575438,27597.79257,31624.67556,18903.42322,19648.50478,4.929539032,5.083480835,20412.07293,6.393913697,0.385368352,3.584203681,12226.33544,4090.79799,192455.4009
5/18/2025,1.439816822,16408.06997,315.5224388,0.559264967,284265.3739,4.90683901,27597.82333,31631.67313,18897.82774,19638.19904,4.907054528,5.1,20404.0559,6.395107099,0.383313675,3.599981718,12252.56768,4101.689805,188044.1789
5/25/2025,1.437243164,16402.85317,315.6090947,0.521570056,291966.8511,4.935969105,27614.97542,31629.78919,18894.28736,19640.95506,4.928852409,5.089766268,20420.31233,6.395817009,0.385450832,3.589918257,12246.89796,4098.398559,190227.4649
6/1/2025,1.44503696,16400.06279,315.6901636,0.536244775,207001.2201,4.908549472,27618.19002,31630.49557,18905.55038,19633.12822,4.926282715,5.088829392,20420.48389,6.391392245,0.383837692,3.586309591,12238.32787,4090.465238,166156.4067
6/8/2025,1.441428209,16395.00556,315.7815244,0.523285321,270724.8663,4.926575438,27618.28779,31637.01283,18903.77141,19626.37312,4.929539032,5.083480835,20415.17107,6.393891884,0.385368352,3.584203681,12226.52833,4090.842183,184178.1122
6/15/2025,1.439816822,16391.5801,315.8505084,0.559264967,255399.6547,4.90683901,27618.09747,31643.88597,18898.17244,19616.29639,4.907054528,5.1,20407.1213,6.395086482,0.383313675,3.599981718,12252.75491,4101.733556,179849.6696
6/22/2025,1.437243164,16386.53216,315.9350476,0.521570056,263389.7891,4.935969105,27635.03087,31641.87886,18894.62862,19619.27905,4.928852409,5.089766268,20423.34533,6.395797522,0.385450832,3.589918256,12247.07971,4098.441872,182114.9073
6/29/2025,1.44503696,16383.90892,316.0140135,0.536244775,178709.9287,4.908549472,27638.02914,31642.4633,18905.88823,19611.67651,4.926282715,5.088829392,20423.48483,6.391373826,0.383837692,3.586309591,12238.50429,4090.508119,158124.9812
7/6/2025,1.441428209,16379.01711,316.1032849,0.523285321,242716.4878,4.926575438,27637.91291,31648.85986,18904.10587,19605.14338,4.929539032,5.083480835,20418.1403,6.393874475,0.385368352,3.584203681,12226.69958,4090.884635,176227.0075
7/13/2025,1.439816822,16375.75538,316.1701928,0.559264967,227671.36,4.90683901,27637.5109,31655.61351,18898.50356,19595.28633,4.907054528,5.1,20410.05914,6.395070027,0.383313675,3.599981717,12252.92114,4101.775583,171978.0824
7/20/2025,1.437243164,16370.86949,316.2526695,0.521570056,235938.7773,4.935969105,27654.23489,31653.48813,18894.95643,19598.48639,4.928852409,5.089766268,20426.25213,6.39578197,0.385450832,3.589918256,12247.24106,4098.48348,174322.0425
7/27/2025,1.44503696,16368.40663,316.3295861,0.536244775,151533.427,4.908549472,27657.02602,31653.95548,18906.21276,19591.09901,4.926282715,5.088829392,20426.3609,6.391359126,0.383837692,3.586309591,12238.66091,4090.54931,150410.0515
8/3/2025,1.441428209,16363.67357,316.4168214,0.523285321,215811.7511,4.926575438,27656.70488,31660.23614,18904.42716,19584.77881,4.929539032,5.083480835,20420.98597,6.393860581,0.385368352,3.58420368,12226.85161,4090.925414,168589.2336
8/10/2025,1.439816822,16360.56896,316.4817065,0.559264967,201035.6707,4.90683901,27656.10017,31666.87505,18898.82163,19575.13249,4.907054528,5.1,20412.87474,6.395056895,0.383313675,3.599981717,12253.06871,4101.815955,164416.6928
8/17/2025,1.437243164,16355.83859,316.5621733,0.521570056,209569.4449,4.935969105,27672.62364,31664.63609,18895.27132,19578.5411,4.928852409,5.089766268,20429.03797,6.395769558,0.385450832,3.589918256,12247.3843,4098.523447,166836.2731
8/24/2025,1.44503696,16353.52965,316.637093,0.536244775,125427.788,4.908549472,27675.21641,31664.991,18906.5245,19571.36011,4.926282715,5.088829392,20429.1173,6.391347394,0.383837692,3.586309591,12238.79995,4090.588878,142999.1463
8/31/2025,1.441428209,16348.94894,316.7223443,0.523285321,189967.1685,4.926575438,27674.69906,31671.16036,18904.73578,19565.24416,4.929539032,5.083480835,20423.71324,6.393849493,0.385368352,3.58420368,12226.98657,4090.964586,161252.4438
9/7/2025,1.439816822,16345.99511,316.7852582,0.559264967,175449.5339,4.90683901,27673.90026,31677.6891,18899.12717,19555.79998,4.907054528,5.1,20415.57319,6.395046415,0.383313675,3.599981717,12253.19972,4101.854735,157153.2772
9/14/2025,1.437243164,16341.41398,316.8637665,0.521570056,184239.1695,4.935969105,27690.23173,31675.34106,18895.57381,19559.40863,4.928852409,5.089766268,20431.70789,6.395759652,0.385450832,3.589918256,12247.51147,4098.56184,159645.4981
9/21/2025,1.44503696,16339.25276,316.9367403,0.536244775,100350.8153,4.908549472,27692.63456,31675.58801,18906.82396,19552.42561,4.926282715,5.088829392,20431.75901,6.391338031,0.383837692,3.58630959,12238.92339,4090.626887,135880.2853
9/28/2025,1.441428209,16334.81824,317.0200584,0.523285321,165140.9655,4.926575438,27691.92933,31681.6505,18905.03225,19546.5056,4.929539032,5.083480835,20426.32703,6.393840643,0.385368352,3.58420368,12227.10639,4091.002215,154204.7777
10/5/2025,1.439816822,16332.00912,317.0810514,0.559264967,150871.5929,4.90683901,27690.94467,31688.07343,18899.42067,19537.25531,4.907054528,5.1,20418.15935,6.39503805,0.383313675,3.599981717,12253.31603,4101.891988,150176.0941
10/12/2025,1.437243164,16327.5712,317.1576513,0.521570056,159907.0079,4.935969105,27707.09229,31685.62067,18895.86437,19541.05587,4.928852409,5.089766268,20434.26672,6.395751746,0.385450832,3.589918255,12247.62437,4098.59872,152738.0931
10/19/2025,1.44503696,16325.55173,317.228729,0.536244775,76261.97533,4.908549472,27709.31325,31685.76394,18907.11162,19534.26276,4.926282715,5.088829392,20434.29079,6.391330559,0.383837692,3.58630959,12239.03298,4090.663398,129041.9605
10/26/2025,1.441428209,16321.25752,317.3101632,0.523285321,141293.014,4.926575438,27708.42811,31691.72379,18905.31703,19528.53068,4.929539032,5.083480835,20428.83206,6.39383358,0.385368352,3.58420368,12227.21277,4091.038361,147434.8424
11/2/2025,1.439816822,16318.58726,317.3692845,0.559264967,127262.1209,4.90683901,27707.26548,31698.04513,18899.70261,19519.4664,4.907054528,5.1,20420.6379,6.395031375,0.383313675,3.599981717,12253.41928,4101.927772,143473.8642
11/9/2025,1.437243164,16314.28679,317.4440247,0.521570056,136533.6306,4.935969105,27723.23706,31695.49179,18896.14349,19523.45103,4.928852409,5.089766268,20436.71908,6.395745436,0.385450832,3.589918255,12247.72459,4098.634147,146102.8916
11/16/2025,1.44503696,16312.40336,317.5132548,0.536244775,53122.33181,4.908549472,27725.28388,31695.53551,18907.38795,19516.84009,4.926282715,5.088829392,20436.71723,6.391324595,0.383837692,3.58630959,12239.13026,4090.69847,122473.1172
11/23/2025,1.441428209,16308.24379,317.5928532,0.523285321,118384.7669,4.926575438,27724.22646,31701.39681,18905.59059,19511.2883,4.929539032,5.083480835,20431.23285,6.393827944,0.385368352,3.584203679,12227.3072,4091.073083,140931.6936
11/30/2025,1.439816822,16305.7068,317.6501506,0.559264967,104582.9563,4.90683901,27722.89343,31707.62059,18899.97343,19502.40243,4.907054528,5.1,20423.01332,6.395026047,0.383313675,3.599981716,12253.51095,4101.962147,137035.753
12/7/2025,1.437243164,16301.53823,317.7230787,0.521570056,114081.2576,4.935969105,27738.69642,31704.97068,18896.4116,19506.56363,4.928852409,5.089766268,20439.06939,6.395740401,0.385450832,3.589918255,12247.81357,4098.668177,139729.1675
12/14/2025,1.44503696,16299.78534,317.7905083,0.536244775,30894.48257,4.908549472,27740.57649,31704.9188,18907.65338,19500.12744,4.926282715,5.088829392,20439.04271,6.391319836,0.383837692,3.58630959,12239.21663,4090.732161,116163.1363
12/21/2025,1.441428209,16295.75499,317.868318,0.523285321,96379.19613,4.926575438,27739.35412,31710.68546,18905.85338,19494.74859,4.929539032,5.083480835,20433.53375,6.393823445,0.385368352,3.584203679,12227.39104,4091.106436,134684.8183
12/28/2025,1.439816822,16293.34588,317.9238381,0.559264967,82797.44128,4.90683901,27737.85791,31716.81555,18900.23359,19486.03387,4.907054528,5.1,20425.2899,6.395021795,0.383313675,3.599981716,12253.59233,4101.995167,130851.3524
1/4/2026,1.437243164,16289.30389,317.9950004,0.521570056,92513.59776,4.935969105,27753.49949,31714.07291,18896.66916,19490.36445,4.928852409,5.089766268,20441.32191,6.395736382,0.385450832,3.589918255,12247.89257,4098.700867,133606.6168
1/11/2026,1.44503696,16287.67629,318.0606756,0.536244775,9542.499281,4.908549472,27755.21988,31713.92922,18907.90836,19484.09588,4.926282715,5.088829392,20441.27142,6.391316037,0.383837692,3.586309589,12239.29331,4090.764523,110101.8169
1/18/2026,1.441428209,16283.76993,318.1367421,0.523285321,75240.73267,4.926575438,27753.83956,31719.60501,18906.1058,19478.88292,4.929539032,5.083480835,20435.7389,6.393819855,0.385368352,3.584203679,12227.46547,4091.138475,128684.118
1/25/2026,1.439816822,16281.48356,318.1905304,0.559264967,61870.36246,4.90683901,27752.18709,31725.64515,18900.48349,19470.33238,4.907054528,5.1,20427.47175,6.395018402,0.383313675,3.599981716,12253.66457,4102.026885,124910.6648
2/1/2026,1.437243164,16277.56304,318.259972,0.521570056,71795.78973,4.935969105,27767.67411,31722.81345,18896.91656,19474.82543,4.928852409,5.089766268,20443.4807,6.395733174,0.385450832,3.589918254,12247.9627,4098.732269,127725.3418
2/8/2026,1.44503696,16276.05567,318.3239377,0.536244775,-10968.13067,4.908549472,27769.24161,31722.58161,18908.15329,19468.71765,4.926282715,5.088829392,20443.40739,6.391313006,0.383837692,3.586309589,12239.36138,4090.795611,104279.3604
2/15/2026,1.441428209,16272.26831,318.3983057,0.523285321,54935.20902,4.926575438,27767.71004,31728.17013,18906.34828,19463.66382,4.929539032,5.083480835,20437.8523,6.393816989,0.385368352,3.584203679,12227.53155,4091.169252,122919.8917
2/22/2026,1.439816822,16270.09972,318.4504064,0.559264967,41767.89404,4.90683901,27765.90796,31734.12388,18900.72355,19455.27076,4.907054528,5.1,20429.56281,6.395015693,0.383313675,3.599981716,12253.72871,4102.057355,119204.0864
3/1/2026,1.437243164,16266.29578,318.5181713,0.521570056,51894.34599,4.935969105,27781.24697,31731.20667,18897.15422,19459.91966,4.928852409,5.089766268,20445.54966,6.395730615,0.385450832,3.589918254,12248.02495,4098.762433,122075.8348
3/8/2026,1.44503696,16264.90379,318.580471,0.536244775,-30670.55997,4.908549472,27782.66806,31730.89018,18908.38857,19453.96613,4.926282715,5.088829392,20445.45449,6.391310586,0.383837692,3.586309589,12239.42182,4090.825474,98686.35398
3/15/2026,1.441428209,16261.23063,318.6531839,0.523285321,35429.80402,4.926575438,27780.99167,31736.3949,18906.58121,19449.06494,4.929539032,5.083480835,20439.87776,6.393814703,0.385368352,3.584203679,12227.59021,4091.198816,117382.8209
3/22/2026,1.439816822,16259.17506,318.7036401,0.559264967,22457.54308,4.90683901,27779.04632,31742.2657,18900.95414,19440.82294,4.907054528,5.1,20431.56687,6.395013532,0.383313675,3.599981716,12253.78565,4102.086623,113722.3918
3/29/2026,1.437243164,16255.48299,318.7697712,0.521570056,32777.09855,4.935969105,27794.24362,31739.26638,18897.38251,19445.62135,4.928852409,5.089766268,20447.53254,6.395728572,0.385450832,3.589918254,12248.08023,4098.791409,116648.9625
4/5/2026,1.44503696,16254.20173,318.8304477,0.536244775,-49596.63494,4.908549472,27795.52452,31738.8686,18908.61458,19439.81577,4.926282715,5.088829392,20447.41641,6.391308655,0.383837692,3.586309589,12239.47547,4090.85416,93313.75586
4/12/2026,1.441428209,16250.63816,318.9015477,0.523285321,16692.9898,4.926575438,27793.70944,31744.29285,18906.80496,19435.06101,4.929539032,5.083480835,20441.81895,6.393812878,0.385368352,3.584203678,12227.64228,4091.227215,112063.9541
4/19/2026,1.439816822,16248.69106,318.9504015,0.559264967,3908.097006,4.90683901,27791.62692,31750.084,18901.17566,19426.96392,4.907054528,5.1,20433.48753,6.395011807,0.383313675,3.599981715,12253.83621,4102.114738,108456.719
4/26/2026,1.437243164,16245.10635,319.0149405,0.521570056,14413.14693,4.935969105,27806.68851,31747.00582,18897.6018,19431.90573,4.928852409,5.089766268,20449.4329,6.395726941,0.385450832,3.589918254,12248.12929,4098.819243,111435.9518
5/3/2026,1.44503696,16243.93135,319.0740352,0.536244775,-67776.94704,4.908549472,27807.83517,31746.52999,18908.83168,19426.24208,4.926282715,5.088829392,20449.29669,6.391307114,0.383837692,3.586309589,12239.5231,4090.881715,88152.88049
5/10/2026,1.441428209,16240.47295,319.1435636,0.523285321,-1305.519185,4.926575438,27805.88731,31751.87697,18907.01989,19421.62777,4.929539032,5.083480835,20443.67935,6.393811421,0.385368352,3.584203678,12227.68852,4091.254495,106954.6927
5/17/2026,1.439816822,16238.62995,319.1908559,0.559264967,-13910.42688,4.90683901,27803.67343,31757.59163,18901.38844,19413.66969,4.907054528,5.1,20435.32828,6.39501043,0.383313675,3.599981715,12253.88108,4102.141745,103398.5554
5/24/2026,1.437243164,16235.14827,319.2538436,0.521570056,-3227.19172,4.935969105,27818.60508,31754.43773,18897.81246,19418.74907,4.928852409,5.089766268,20451.2542,6.39572564,0.385450832,3.589918254,12248.17286,4098.84598,106428.375
5/31/2026,1.44503696,16234.07524,319.3113968,0.536244775,-85240.88231,4.908549472,27819.6232,31753.88694,18909.04023,19413.22155,4.926282715,5.088829392,20451.09873,6.391305884,0.383837692,3.586309588,12239.56538,4090.908185,83195.38455
6/7/2026,1.441428209,16230.71777,319.3793938,0.523285321,-18594.8151,4.926575438,27817.54818,31759.15972,18907.22635,19408.74198,4.929539032,5.083480835,20445.46235,6.393810258,0.385368352,3.584203678,12227.72956,4091.280701,102046.7768
6/14/2026,1.439816822,16228.97466,319.4251646,0.559264967,-31026.82984,4.90683901,27815.20852,31764.80093,18901.59283,19400.91723,4.907054528,5.1,20437.09243,6.395009331,0.383313675,3.599981715,12253.92092,4102.167688,98539.72369
6/21/2026,1.437243164,16225.59185,319.4866405,0.521570056,-20172.43064,4.935969105,27830.01574,31761.57431,18898.01481,19406.12857,4.928852409,5.089766268,20452.99971,6.395724602,0.385450832,3.589918254,12248.21153,4098.871664,101618.1366
6/28/2026,1.44503696,16224.61668,319.5426918,0.536244775,-102016.6688,4.908549472,27830.91078,31760.95155,18909.24056,19400.73165,4.926282715,5.088829392,20452.82579,6.391304903,0.383837692,3.586309588,12239.60292,4090.933612,78433.2535
7/5/2026,1.441428209,16221.35608,319.6091965,0.523285321,-35202.84377,4.926575438,27828.71401,31766.15308,18907.42468,19396.38132,4.929539032,5.083480835,20447.17116,6.393809331,0.385368352,3.584203678,12227.766,4091.305873,97332.27199
7/12/2026,1.439816822,16219.70884,319.6534846,0.559264967,-47468.77822,4.90683901,27826.2539,31771.72375,18901.78918,19388.68448,4.907054528,5.1,20438.78318,6.395008455,0.383313675,3.599981715,12253.95629,4102.192609,93872.36881
7/19/2026,1.437243164,16216.42091,319.7134874,0.521570056,-36449.95954,4.935969105,27840.94199,31768.42732,18898.20919,19394.0224,4.928852409,5.089766268,20454.67258,6.395723773,0.385450832,3.589918253,12248.24586,4098.896335,96997.46008
7/26/2026,1.44503696,16215.53965,319.768075,0.536244775,-118131.4224,4.908549472,27841.71917,31767.73544,18909.43299,19388.75075,4.926282715,5.088829392,20454.48099,6.391304119,0.383837692,3.586309588,12239.63625,4090.958037,73858.7886
8/2/2026,1.441428209,16212.372,319.8331256,0.523285321,-51156.44984,4.926575438,27839.40581,31772.86855,18907.61519,19384.52439,4.929539032,5.083480835,20448.80886,6.39380859,0.385368352,3.584203678,12227.79835,4091.330054,92803.55651
8/9/2026,1.439816822,16210.81676,319.8759689,0.559264967,-63262.84823,4.90683901,27836.83037,31778.37149,18901.97778,19376.95024,4.907054528,5.1,20440.40358,6.395007755,0.383313675,3.599981715,12253.9877,4102.216548,89388.94523
8/16/2026,1.437243164,16207.61989,319.9345363,0.521570056,-52086.08885,4.935969105,27851.40437,31775.00802,18898.39591,19382.40958,4.928852409,5.089766268,20456.27585,6.395723111,0.385450832,3.589918253,12248.27634,4098.920035,92558.87545
8/23/2026,1.44503696,16206.82876,319.9876978,0.536244775,-133611.1905,4.908549472,27852.0687,31774.24976,18909.61785,19377.2581,4.926282715,5.088829392,20456.06731,6.391303494,0.383837692,3.586309588,12239.66584,4090.981499,69464.59448
8/30/2026,1.441428209,16203.7503,320.0513313,0.523285321,-66481.42018,4.926575438,27849.6437,31779.31718,18907.7982,19373.15066,4.929539032,5.083480835,20450.37842,6.393807999,0.385368352,3.584203678,12227.82707,4091.353282,88453.30896
9/6/2026,1.439816822,16202.28335,320.0927668,0.559264967,-78434.56887,4.90683901,27846.95783,31784.75508,18902.15896,19365.69421,4.907054528,5.1,20441.95655,6.395007196,0.383313675,3.599981715,12254.01557,4102.239544,85082.20475
9/13/2026,1.437243164,16199.17387,320.1499354,0.521570056,-67106.09228,4.935969105,27861.42259,31781.32722,18898.57527,19371.27002,4.928852409,5.089766268,20457.81241,6.395722583,0.385450832,3.589918253,12248.3034,4098.9428,88295.20692
9/20/2026,1.44503696,16198.46923,320.2017072,0.536244775,-148480.9939,4.908549472,27861.97886,31780.50523,18909.79542,19366.23381,4.926282715,5.088829392,20457.58763,6.391302995,0.383837692,3.586309588,12239.6921,4091.004037,65243.56716
9/27/2026,1.441428209,16195.47638,320.2639599,0.523285321,-81202.52554,4.926575438,27859.44696,31785.50955,18907.97399,19362.24045,4.929539032,5.083480835,20451.88267,6.393807528,0.385368352,3.584203677,12227.85257,4091.375594,84274.4964
10/4/2026,1.439816822,16194.09416,320.3040236,0.559264967,-93008.46317,4.90683901,27856.65535,31790.885,18902.333,19354.89689,4.907054528,5.1,20443.4449,6.39500675,0.383313675,3.599981714,12254.04032,4102.261633,80945.18476
10/11/2026,1.437243164,16191.06853,320.3598292,0.521570056,-81534.24765,4.935969105,27871.01551,31787.39532,18898.74757,19360.58443,4.928852409,5.089766268,20459.28503,6.395722162,0.385450832,3.589918253,12248.32743,4098.964669,84199.56155
10/18/2026,1.44503696,16190.44689,320.4102467,0.536244775,-162764.8677,4.908549472,27871.46829,31786.51213,18909.96599,19355.65879,4.926282715,5.088829392,20459.04469,6.391302597,0.383837692,3.586309588,12239.71542,4091.025687,61188.88262
10/25/2026,1.441428209,16187.53619,320.471154,0.523285321,-95343.56061,4.926575438,27868.83404,31791.45587,18908.14286,19351.77485,4.929539032,5.083480835,20453.32433,6.393807151,0.385368352,3.584203677,12227.8752,4091.397027,80260.36305
11/1/2026,1.439816822,16186.23528,320.5098809,0.559264967,-107008.0879,4.90683901,27865.94117,31796.77134,18902.50017,19344.53959,4.907054528,5.1,20444.87132,6.395006395,0.383313675,3.599981714,12254.06229,4102.282852,76971.19705
11/8/2026,1.437243164,16183.29013,320.5643582,0.521570056,-95393.87612,4.935969105,27880.20117,31793.22229,18898.91308,19350.33431,4.928852409,5.089766268,20460.69638,6.395721826,0.385450832,3.589918253,12248.34875,4098.985676,80265.31799
11/15/2026,1.44503696,16182.74814,320.6134562,0.536244775,-176485.8999,4.908549472,27880.55487,31792.28033,18910.12984,19345.51473,4.926282715,5.088829392,20460.44112,6.391302279,0.383837692,3.586309588,12239.73612,4091.046484,57293.98573
11/22/2026,1.441428209,16179.91628,320.6730524,0.523285321,-108927.3825,4.926575438,27877.82261,31797.1659,18908.30507,19341.73576,4.929539032,5.083480835,20454.706,6.393806851,0.385368352,3.584203677,12227.8953,4091.417616,76404.41932
11/29/2026,1.439816822,16178.6934,320.7104766,0.559264967,-120456.0715,4.90683901,27874.83278,31802.42379,18902.66076,19334.60438,4.907054528,5.1,20446.23839,6.395006111,0.383313675,3.599981714,12254.0818,4102.303235,73153.81693
12/6/2026,1.437243164,16175.82548,320.7636598,0.521570056,-108707.3799,4.935969105,27888.99687,31798.81772,18899.07206,19340.5019,4.928852409,5.089766268,20462.049,6.395721557,0.385450832,3.589918253,12248.36769,4099.005855,76486.1158
12/13/2026,1.44503696,16175.35994,320.8114718,0.536244775,-189666.2686,4.908549472,27889.25569,31797.81933,18910.28723,19335.78407,4.926282715,5.088829392,20461.77944,6.391302026,0.383837692,3.586309587,12239.7545,4091.066461,53552.57966
12/20/2026,1.441428209,16172.60373,320.8697905,0.523285321,-121975.9476,4.926575438,27886.42958,31802.64903,18908.46089,19332.10579,4.929539032,5.083480835,20456.03018,6.393806611,0.385368352,3.584203677,12227.91313,4091.437394,72700.43138
12/27/2026,1.439816822,16171.45573,320.9059454,0.559264967,-133374.151,4.90683901,27883.34691,31807.85162,18902.81503,19325.07406,4.907054528,5.1,20447.54858,6.395005884,0.383313675,3.599981714,12254.09911,4102.322815,69486.8729
1/3/2027,1.437243164,16168.66193,320.9578674,0.521570056,-121496.2786,4.935969105,27897.41915,31804.19081,18899.22478,19331.0702,4.928852409,5.089766268,20463.34534,6.395721343,0.385450832,3.589918253,12248.38449,4099.025239,72855.8452
1/10/2027,1.44503696,16168.26974,321.0044264,0.536244775,-202327.2783,4.908549472,27897.58714,31803.13823,18910.43843,19326.44996,4.926282715,5.088829392,20463.06208,6.391301823,0.383837692,3.586309587,12239.77082,4091.085651,49958.61573
1/17/2027,1.441428209,16165.58614,321.0615001,0.523285321,-134510.3471,4.926575438,27894.67115,31807.91429,18908.61057,19322.86827,4.929539032,5.083480835,20457.29926,6.39380642,0.385368352,3.584203677,12227.92897,4091.456392,69142.41102
1/24/2027,1.439816822,16164.51,321.0964181,0.559264967,-145783.2065,4.90683901,27891.49959,31813.06377,18902.96321,19315.93212,4.907054528,5.1,20448.80424,6.395005703,0.383313675,3.599981714,12254.11449,4102.341623,65964.43663
1/31/2027,1.437243164,16161.78733,321.1471112,0.521570056,-133781.2436,4.935969105,27905.48389,31809.3504,18899.37148,19322.02286,4.928852409,5.089766268,20464.58773,6.395721172,0.385450832,3.589918252,12248.39942,4099.043859,69368.63716
2/7/2027,1.44503696,16161.46554,321.1924493,0.536244775,-214489.3936,4.908549472,27905.56488,31808.24578,18910.58366,19317.49624,4.926282715,5.088829392,20464.29135,6.391301662,0.383837692,3.586309587,12239.7853,4091.104085,46506.2836
2/14/2027,1.441428209,16158.85161,321.2483099,0.523285321,-146550.8413,4.926575438,27902.56284,31812.97032,18908.75435,19314.0072,4.929539032,5.083480835,20458.51554,6.393806267,0.385368352,3.584203677,12227.94303,4091.474642,65724.60601
2/21/2027,1.439816822,16157.84444,321.2820226,0.559264967,-157703.2958,4.90683901,27899.30615,31818.06881,18903.10556,19307.16275,4.907054528,5.1,20450.00766,6.395005559,0.383313675,3.599981714,12254.12814,4102.35969,62580.81343
2/28/2027,1.437243164,16155.19002,321.3315182,0.521570056,-145582.132,4.935969105,27913.20625,31814.30496,18899.51241,19313.34423,4.928852409,5.089766268,20465.77844,6.395721036,0.385450832,3.589918252,12248.41266,4099.061745,66018.85393
3/7/2027,1.44503696,16154.93579,321.3756665,0.536244775,-226172.2731,4.908549472,27913.20394,31813.15037,18910.72318,19308.90741,4.926282715,5.088829392,20465.46946,6.391301533,0.383837692,3.586309587,12239.79816,4091.121793,43190.0019
3/14/2027,1.441428209,16152.38873,321.430345,0.523285321,-158116.892,4.926575438,27910.1195,31817.82545,18908.89247,19305.50725,4.929539032,5.083480835,20459.6812,6.393806145,0.385368352,3.584203677,12227.95551,4091.492172,62441.49079
3/21/2027,1.439816822,16151.44774,321.4628832,0.559264967,-169153.686,4.90683901,27906.7813,31822.87497,18903.24229,19298.75075,4.907054528,5.1,20451.16101,6.395005444,0.383313675,3.599981714,12254.14025,4102.377045,59330.533
3/28/2027,1.437243164,16148.85883,321.5112119,0.521570056,-156918.0182,4.935969105,27920.60076,31819.06264,18899.64777,19305.01928,4.928852409,5.089766268,20466.91959,6.395720927,0.385450832,3.589918252,12248.42443,4099.078927,62801.07991
4/4/2027,1.44503696,16148.66943,321.5542009,0.536244775,-237394.8006,4.908549472,27920.51869,31817.86007,18910.85719,19300.6686,4.926282715,5.088829392,20466.59856,6.39130143,0.383837692,3.586309587,12239.80958,4091.138803,40004.40919
4/11/2027,1.441428209,16146.18654,321.6077275,0.523285321,-169227.1942,4.926575438,27917.35535,31822.48765,18909.02515,19297.35369,4.929539032,5.083480835,20460.79837,6.393806048,0.385368352,3.584203677,12227.9666,4091.509012,59287.75755
4/18/2027,1.439816822,16145.30906,321.6391213,0.559264967,-180152.8851,4.90683901,27913.9391,31827.49015,18903.37364,19290.68156,4.907054528,5.1,20452.26636,6.395005352,0.383313675,3.599981714,12254.15101,4102.393717,56208.3406
4/25/2027,1.437243164,16142.78301,321.6863129,0.521570056,-167807.2254,4.935969105,27927.68136,31823.63127,18899.77781,19297.03359,4.928852409,5.089766268,20468.01326,6.39572084,0.385450832,3.589918252,12248.43487,4099.095432,59710.11291
5/2/2027,1.44503696,16142.65583,321.7281721,0.536244775,-248175.1156,4.908549472,27927.52291,31822.38262,18910.98592,19292.76555,4.926282715,5.088829392,20467.68067,6.391301348,0.383837692,3.586309587,12239.81971,4091.155142,36944.35531
5/9/2027,1.441428209,16140.23452,321.7805762,0.523285321,-179899.7061,4.926575438,27924.28402,31826.96459,18909.15259,19289.53242,4.929539032,5.083480835,20461.86904,6.393805971,0.385368352,3.584203676,12227.97643,4091.525188,56258.30763
5/16/2027,1.439816822,16139.41799,321.8108548,0.559264967,-190718.6719,4.90683901,27920.79303,31831.92193,18903.49981,19282.94122,4.907054528,5.1,20453.32573,6.395005279,0.383313675,3.599981713,12254.16056,4102.409731,53209.18858
5/23/2027,1.437243164,16136.95227,321.8569384,0.521570056,-178267.3543,4.935969105,27934.46136,31828.01837,18899.90272,19289.37334,4.928852409,5.089766268,20469.06143,6.395720771,0.385450832,3.589918252,12248.44414,4099.111286,56740.95576
5/30/2027,1.44503696,16136.8848,321.8976968,0.536244775,-258530.6432,4.908549472,27934.22978,31826.72547,18911.10959,19285.18457,4.926282715,5.088829392,20468.71776,6.391301282,0.383837692,3.586309587,12239.82871,4091.170838,34004.89307
6/6/2027,1.441428209,16134.52259,321.9490072,0.523285321,-190151.6784,4.926575438,27930.91854,31831.26363,18909.27502,19282.02988,4.929539032,5.083480835,20462.89517,6.393805909,0.385368352,3.584203676,12227.98517,4091.540727,53348.24331
6/13/2027,1.439816822,16133.76455,321.978199,0.559264967,-200868.1245,4.90683901,27927.35599,31836.17762,18903.62101,19275.51632,4.907054528,5.1,20454.34101,6.39500522,0.383313675,3.599981713,12254.16904,4102.425114,50328.22817
6/20/2027,1.437243164,16131.35672,322.023203,0.521570056,-188315.3124,4.935969105,27940.95352,31832.23113,18900.02271,19282.02527,4.928852409,5.089766268,20470.06598,6.395720716,0.385450832,3.589918252,12248.45236,4099.126515,53888.8082
6/27/2027,1.44503696,16131.34654,322.0628886,0.536244775,-268478.1218,4.908549472,27940.65191,31830.89574,18911.22838,19277.91253,4.926282715,5.088829392,20469.7117,6.39130123,0.383837692,3.586309587,12239.8367,4091.185915,31181.27019
7/4/2027,1.441428209,16129.04105,322.1131332,0.523285321,-199999.6822,4.926575438,27937.2714,31835.39185,18909.39262,19274.83309,4.929539032,5.083480835,20463.8786,6.393805859,0.385368352,3.584203676,12227.99292,4091.555653,50552.85985
7/11/2027,1.439816822,16128.33914,322.1412661,0.559264967,-210617.6482,4.90683901,27933.64033,31840.2642,18903.73744,19268.394,4.907054528,5.1,20455.31404,6.395005173,0.383313675,3.599981713,12254.17656,4102.439892,47560.8017
7/18/2027,1.437243164,16125.98687,322.1852179,0.521570056,-197967.3409,4.935969105,27947.17007,31836.27649,18900.13797,19274.97665,4.928852409,5.089766268,20471.02873,6.395720671,0.385450832,3.589918252,12248.45967,4099.141145,51149.05913
7/25/2027,1.44503696,16126.03168,322.2238582,0.536244775,-278033.63,4.908549472,27946.80141,31834.90031,18911.34248,19270.93685,4.926282715,5.088829392,20470.66427,6.391301188,0.383837692,3.586309587,12239.84379,4091.200398,28468.92171
8/1/2027,1.441428209,16123.78062,322.2730643,0.523285321,-209459.6353,4.926575438,27943.35456,31839.35602,18909.50559,19267.92959,4.929539032,5.083480835,20464.82111,6.39380582,0.385368352,3.584203676,12227.9998,4091.569992,47867.63793
8/8/2027,1.439816822,16123.13258,322.3001654,0.559264967,-219983.0018,4.90683901,27939.65787,31844.18839,18903.84928,19261.56193,4.907054528,5.1,20456.24659,6.395005136,0.383313675,3.599981713,12254.18324,4102.454087,44902.43504
8/15/2027,1.437243164,16120.83362,322.343092,0.521570056,-207239.0409,4.935969105,27953.12271,31840.16111,18900.24869,19268.21528,4.928852409,5.089766268,20471.95142,6.395720636,0.385450832,3.589918252,12248.46616,4099.155198,48517.27915
8/22/2027,1.44503696,16120.93121,322.3807137,0.536244775,-287212.613,4.908549472,27952.68983,31838.74574,18911.4521,19264.24544,4.926282715,5.088829392,20471.57721,6.391301155,0.383837692,3.586309586,12239.85008,4091.214311,25863.46253
8/29/2027,1.441428209,16118.73237,322.4289077,0.523285321,-218546.8285,4.926575438,27949.17947,31843.16267,18909.6141,19261.30743,4.929539032,5.083480835,20465.7244,6.393805788,0.385368352,3.584203676,12228.00592,4091.583765,45288.2363
9/5/2027,1.439816822,16118.13603,322.4550033,0.559264967,-228979.3231,4.90683901,27945.41995,31847.95665,18903.95671,19255.0083,4.907054528,5.1,20457.14033,6.395005106,0.383313675,3.599981713,12254.18917,4102.467722,42348.83037
9/12/2027,1.437243164,16115.88824,322.496931,0.521570056,-216145.399,4.935969105,27958.82263,31843.89136,18900.35505,19261.72946,4.928852409,5.089766268,20472.83572,6.395720608,0.385450832,3.589918252,12248.47191,4099.168697,45989.21344
9/19/2027,1.44503696,16116.03646,322.5335601,0.536244775,-296029.9075,4.908549472,27958.32828,31842.43838,18911.55739,19257.82674,4.926282715,5.088829392,20472.45216,6.391301128,0.383837692,3.586309586,12239.85567,4091.227675,23360.68035
9/26/2027,1.441428209,16113.88775,322.580768,0.523285321,-227275.95,4.926575438,27954.7571,31846.81806,18909.71834,19254.95514,4.929539032,5.083480835,20466.5901,6.393805763,0.385368352,3.584203676,12228.01134,4091.596995,42810.4848
10/3/2027,1.439816822,16113.34102,322.6058838,0.559264967,-237621.1534,4.90683901,27950.93741,31851.57518,18904.05991,19248.72174,4.907054528,5.1,20457.99689,6.395005083,0.383313675,3.599981713,12254.19444,4102.48082,39895.85922
10/10/2027,1.437243164,16111.14233,322.646838,0.521570056,-224700.811,4.935969105,27964.28058,31847.47339,18900.45721,19255.50795,4.928852409,5.089766268,20473.68323,6.395720586,0.385450832,3.589918252,12248.47703,4099.181664,43560.77481
10/17/2027,1.44503696,16111.33916,322.6824999,0.536244775,-304499.7654,4.908549472,27963.72735,31845.98428,18911.65853,19251.66961,4.926282715,5.088829392,20473.29071,6.391301107,0.383837692,3.586309586,12239.86063,4091.240513,20956.52889
10/24/2027,1.441428209,16109.23854,322.7287468,0.523285321,-235661.1093,4.926575438,27960.09793,31850.3282,18909.81847,19248.86172,4.929539032,5.083480835,20467.41979,6.393805743,0.385368352,3.584203676,12228.01616,4091.609705,40430.37761
10/31/2027,1.439816822,16108.73942,322.7529079,0.559264967,-245922.4611,4.90683901,27956.22063,31855.04991,18904.15904,19242.69137,4.907054528,5.1,20458.8178,6.395005064,0.383313675,3.599981713,12254.19912,4102.493403,37539.55583
11/7/2027,1.437243164,16106.58785,322.7929135,0.521570056,-232919.1056,4.935969105,27969.50681,31850.91309,18900.55535,19249.53999,4.928852409,5.089766268,20474.49546,6.395720568,0.385450832,3.589918251,12248.48156,4099.194121,41228.03716
11/14/2027,1.44503696,16106.83132,322.827633,0.536244775,-312635.8771,4.908549472,27968.89721,31849.38928,18911.75569,19245.7634,4.926282715,5.088829392,20474.09436,6.39130109,0.383837692,3.586309586,12239.86504,4091.252845,18647.12131
11/21/2027,1.441428209,16104.77687,322.8729435,0.523285321,-243715.8599,4.926575438,27965.21202,31853.69886,18909.91466,19243.01663,4.929539032,5.083480835,20468.21495,6.393805727,0.385368352,3.584203676,12228.02043,4091.621913,38144.06676
11/28/2027,1.439816822,16104.32344,322.8961742,0.559264967,-253896.6642,4.90683901,27961.27956,31858.38658,18904.25426,19236.90676,4.907054528,5.1,20459.60456,6.395005048,0.383313675,3.599981713,12254.20327,4102.505489,35276.11072
12/5/2027,1.437243164,16102.21709,322.9352555,0.521570056,-240813.5667,4.935969105,27974.51117,31854.2161,18900.64962,19243.81523,4.928852409,5.089766268,20475.2739,6.395720553,0.385450832,3.589918251,12248.48559,4099.206086,38987.22911
12/12/2027,1.44503696,16102.50531,322.9690566,0.536244775,-320451.3935,4.908549472,27973.84759,31852.65898,18911.84902,19240.09788,4.926282715,5.088829392,20474.86458,6.391301076,0.383837692,3.586309586,12239.86895,4091.26469,16428.72392
12/19/2027,1.441428209,16100.49516,323.0134547,0.523285321,-251453.2212,4.926575438,27970.10901,31856.93558,18910.00706,19237.40974,4.929539032,5.083480835,20468.97702,6.393805714,0.385368352,3.584203676,12228.02423,4091.633641,35947.85591
12/26/2027,1.439816822,16100.08558,323.0357788,0.559264967,-261556.6519,4.90683901,27966.12373,31861.59066,18904.34573,19231.35789,4.907054528,5.1,20460.35858,6.395005036,0.383313675,3.599981713,12254.20695,4102.517099,33101.86452
1/2/2028,1.437243164,16098.02263,323.0739594,0.521570056,-248396.9544,4.935969105,27979.30309,31857.38786,18900.74018,19238.32378,4.928852409,5.089766268,20476.01996,6.395720542,0.385450832,3.589918251,12248.48917,4099.21758,36834.72789
1/9/2028,1.44503696,16098.3538,323.1068656,0.536244775,-327958.9474,4.908549472,27978.58781,31855.79875,18911.93867,19234.66325,4.926282715,5.088829392,20475.60274,6.391301066,0.383837692,3.586309586,12239.87242,4091.27607,14297.75021
1/16/2028,1.441428209,16096.38616,323.1503745,0.523285321,-258885.6995,4.926575438,27974.7981,31860.04369,18910.09581,19232.03135,4.929539032,5.083480835,20469.70739,6.393805704,0.385368352,3.584203676,12228.0276,4091.644906,33838.1944
1/23/2028,1.439816822,16096.01865,323.1718153,0.559264967,-268914.8054,4.90683901,27970.76224,31864.66741,18904.4336,19226.03515,4.907054528,5.1,20461.08123,6.395005027,0.383313675,3.599981713,12254.21022,4102.528252,31013.30208
1/30/2028,1.437243164,16093.99735,323.2091181,0.521570056,-255681.5265,4.935969105,27983.89156,31860.43359,18900.82717,19233.05612,4.928852409,5.089766268,20476.73496,6.395720533,0.385450832,3.589918251,12248.49234,4099.228621,34767.05349
2/6/2028,1.44503696,16094.36975,323.2411523,0.536244775,-335170.6737,4.908549472,27983.1268,31858.81376,18912.02479,19229.4501,4.926282715,5.088829392,20476.31019,6.391301057,0.383837692,3.586309586,12239.8755,4091.287,12250.75495
2/13/2028,1.441428209,16092.44291,323.2837948,0.523285321,-266025.3086,4.926575438,27979.28812,31863.02829,18910.18107,19226.87214,4.929539032,5.083480835,20470.40736,6.393805696,0.385368352,3.584203676,12228.03059,4091.655727,31811.67148
2/20/2028,1.439816822,16092.11578,323.3043748,0.559264967,-275983.0184,4.90683901,27975.20383,31867.62191,18904.51801,19220.92933,4.907054528,5.1,20461.7738,6.395005019,0.383313675,3.599981713,12254.21313,4102.538965,29007.04675
2/27/2028,1.437243164,16090.13444,323.3408223,0.521570056,-262679.0573,4.935969105,27988.28524,31863.35829,18900.91073,19228.00313,4.928852409,5.089766268,20477.42022,6.395720525,0.385450832,3.589918251,12248.49516,4099.239227,32780.86305
3/5/2028,1.44503696,16090.5464,323.3720068,0.536244775,-342098.2293,4.908549472,27987.47308,31861.70896,18912.10752,19224.4494,4.926282715,5.088829392,20476.98821,6.39130105,0.383837692,3.586309586,12239.87824,4091.2975,10284.42873
3/12/2028,1.441428209,16088.65871,323.4138051,0.523285321,-272883.5886,4.926575438,27983.58753,31865.89429,18910.26297,19221.92318,4.929539032,5.083480835,20471.07821,6.393805689,0.385368352,3.584203675,12228.03325,4091.666122,29865.01082
3/19/2028,1.439816822,16088.37033,323.4335462,0.559264967,-282772.7156,4.90683901,27979.45686,31870.45901,18904.59909,19216.03158,4.907054528,5.1,20462.43756,6.395005013,0.383313675,3.599981712,12254.2157,4102.549256,27079.85496
3/26/2028,1.437243164,16086.42735,323.4691603,0.521570056,-269400.8575,4.935969105,27992.4924,31866.16677,18900.991,19223.15606,4.928852409,5.089766268,20478.07696,6.39572052,0.385450832,3.589918251,12248.49767,4099.249416,30872.94544
4/2/2028,1.44503696,16086.87726,323.4995168,0.536244775,-348752.8115,4.908549472,27991.63486,31864.48912,18912.18699,19219.65249,4.926282715,5.088829392,20477.63801,6.391301045,0.383837692,3.586309586,12239.88067,4091.307586,8395.592525
4/9/2028,1.441428209,16085.02715,323.5404924,0.523285321,-279471.625,4.926575438,27987.70441,31868.64641,18910.34164,19217.17591,4.929539032,5.083480835,20471.72114,6.393805684,0.385368352,3.584203675,12228.0356,4091.676108,27995.06519
4/16/2028,1.439816822,16084.77596,323.5594161,0.559264967,-289294.8716,4.90683901,27983.52933,31873.18337,18904.67697,19211.33344,4.907054528,5.1,20463.0737,6.395005008,0.383313675,3.599981712,12254.21799,4102.559142,25228.61097
4/23/2028,1.437243164,16082.86978,323.5942182,0.521570056,-275857.792,4.935969105,27996.52094,31868.86366,18901.06811,19218.50653,4.928852409,5.089766268,20478.70638,6.395720515,0.385450832,3.589918251,12248.49989,4099.259202,29040.21606
4/30/2028,1.44503696,16083.35613,323.6237677,0.536244775,-355145.1766,4.908549472,27995.61995,31867.15881,18912.26332,19215.05107,4.926282715,5.088829392,20478.26077,6.39130104,0.383837692,3.586309586,12239.88283,4091.317275,6581.192592
5/7/2028,1.441428209,16081.54207,323.6639417,0.523285321,-285800.0664,4.926575438,27991.64652,31871.28917,18910.41722,19212.6221,4.929539032,5.083480835,20472.33732,6.39380568,0.385368352,3.584203675,12228.0377,4091.6857,26198.81138
5/14/2028,1.439816822,16081.32657,323.682069,0.559264967,-295560.0286,4.90683901,27987.42891,31875.79948,18904.75179,19206.82675,4.907054528,5.1,20463.68337,6.395005004,0.383313675,3.599981712,12254.22003,4102.568638,23450.32182
5/21/2028,1.437243164,16079.45572,323.7160797,0.521570056,-282060.2975,4.935969105,28000.37846,31871.45338,18901.14218,19214.04648,4.928852409,5.089766268,20479.3096,6.395720511,0.385450832,3.589918251,12248.50186,4099.268603,27279.71189
5/28/2028,1.44503696,16079.97702,323.744843,0.536244775,-361285.657,4.908549472,27999.43586,31869.72241,18912.33665,19210.63717,4.926282715,5.088829392,20478.85762,6.391301037,0.383837692,3.586309586,12239.88474,4091.326582,4838.295534
6/4/2028,1.441428209,16078.19757,323.7842358,0.523285321,-291879.142,4.926575438,27995.42126,31873.82692,18910.48981,19208.25388,4.929539032,5.083480835,20472.92786,6.393805677,0.385368352,3.584203675,12228.03956,4091.694914,24473.34535
6/11/2028,1.439816822,16078.01631,323.8015869,0.559264967,-301578.3135,4.90683901,27991.16295,31878.31163,18904.82366,19202.50372,4.907054528,5.1,20464.26767,6.395005001,0.383313675,3.599981712,12254.22183,4102.577759,21742.11248
6/18/2028,1.437243164,16076.17936,323.8348265,0.521570056,-288018.3995,4.935969105,28004.07222,31873.94019,18901.21333,19209.76819,4.928852409,5.089766268,20479.88773,6.395720508,0.385450832,3.589918251,12248.50361,4099.277634,25588.58666
6/25/2028,1.44503696,16076.73422,323.8628236,0.536244775,-367184.178,4.908549472,28003.08977,31872.18414,18912.40709,19206.40314,4.926282715,5.088829392,20479.42964,6.391301034,0.383837692,3.586309586,12239.88644,4091.335523,3164.083549
7/2/2028,1.441428209,16074.98797,323.9014552,0.523285321,-297718.6778,4.926575438,27999.03576,31876.26383,18910.55954,19204.06367,4.929539032,5.083480835,20473.49383,6.393805674,0.385368352,3.584203675,12228.04121,4091.703765,22815.87746
7/9/2028,1.439816822,16074.83958,323.9180501,0.559264967,-307359.4539,4.90683901,27994.73846,31880.72396,18904.89269,19198.35687,4.907054528,5.1,20464.82765,6.395004998,0.383313675,3.599981712,12254.22343,4102.586522,20101.22123
7/16/2028,1.437243164,16073.03516,323.9505383,0.521570056,-293741.7285,4.935969105,28007.60916,31876.32819,18901.28167,19205.66425,4.928852409,5.089766268,20480.4418,6.395720506,0.385450832,3.589918251,12248.50517,4099.286309,23964.10626
7/23/2028,1.44503696,16073.62222,323.9777889,0.536244775,-372850.2737,4.908549472,28006.58856,31874.54806,18912.47475,19202.34167,4.926282715,5.088829392,20479.97785,6.391301032,0.383837692,3.586309586,12239.88795,4091.344111,1555.849882
7/30/2028,1.441428209,16071.90784,324.0156787,0.523285321,-303328.1126,4.926575438,28002.49681,31878.6039,18910.62653,19200.04422,4.929539032,5.083480835,20474.03625,6.393805672,0.385368352,3.584203675,12228.04267,4091.712267,21223.72804
8/6/2028,1.439816822,16071.79099,324.0315366,0.559264967,-312912.7944,4.90683901,27998.16217,31883.04043,18904.95901,19194.37902,4.907054528,5.1,20465.36434,6.395004996,0.383313675,3.599981712,12254.22485,4102.594939,18524.99519
8/13/2028,1.437243164,16070.01779,324.0632926,0.521570056,-299239.5355,4.935969105,28010.99595,31878.6213,18901.34732,19201.72755,4.928852409,5.089766268,20480.97281,6.395720504,0.385450832,3.589918251,12248.50655,4099.294642,22403.64435
8/20/2028,1.44503696,16070.63574,324.0898157,0.536244775,-378293.1027,4.908549472,28009.93881,31876.81804,18912.53974,19198.44571,4.926282715,5.088829392,20480.50325,6.39130103,0.383837692,3.586309586,12239.88929,4091.35236,10.99444183
8/27/2028,1.441428209,16068.95194,324.1269827,0.523285321,-308716.5133,4.926575438,28005.81093,31880.85098,18910.69087,19196.18857,4.929539032,5.083480835,20474.5561,6.39380567,0.385368352,3.584203675,12228.04397,4091.720434,19694.32299
9/3/2028,1.439816822,16068.86537,324.1421225,0.559264967,-318247.311,4.90683901,28001.44054,31885.26485,18905.02271,19190.56327,4.907054528,5.1,20465.8787,6.395004995,0.383313675,3.599981712,12254.22611,4102.603024,17010.88601
9/10/2028,1.437243164,16067.12213,324.173165,0.521570056,-304520.707,4.935969105,28014.23895,31880.82329,18901.41039,19197.95129,4.928852409,5.089766268,20481.48173,6.395720503,0.385450832,3.589918251,12248.50777,4099.302646,20904.67806
9/17/2028,1.44503696,16067.76973,324.1989792,0.536244775,-383521.4624,4.908549472,28013.14684,31878.99782,18912.60218,19194.70853,4.926282715,5.088829392,20481.00679,6.391301029,0.383837692,3.586309585,12239.89048,4091.360285,-1472.980397
9/24/2028,1.441428209,16066.11528,324.235442,0.523285321,-313892.5894,4.926575438,28008.98435,31883.00878,18910.75269,19192.49006,4.929539032,5.083480835,20475.05432,6.393805669,0.385368352,3.584203675,12228.04513,4091.728279,18225.18966
10/1/2028,1.439816822,16066.05776,324.249882,0.559264967,-323371.6264,4.90683901,28004.57973,31887.40089,18905.0839,19186.90303,4.907054528,5.1,20466.37165,6.395004994,0.383313675,3.599981712,12254.22724,4102.610791,15556.44577
10/8/2028,1.437243164,16064.34326,324.2802292,0.521570056,-309593.7793,4.935969105,28017.34428,31882.93778,18901.47097,19194.32892,4.928852409,5.089766268,20481.96947,6.395720501,0.385450832,3.589918251,12248.50886,4099.310335,19464.78396
10/15/2028,1.44503696,16065.01932,324.3053527,0.536244775,-388543.804,4.908549472,28016.21867,31881.09098,18912.66215,19191.12364,4.926282715,5.088829392,20481.48938,6.391301028,0.383837692,3.586309585,12239.89153,4091.367897,-2898.473835
10/22/2028,1.441428209,16063.39304,324.3411291,0.523285321,-318864.7076,4.926575438,28012.02305,31885.08083,18910.81206,19188.94227,4.929539032,5.083480835,20475.53181,6.393805668,0.385368352,3.584203675,12228.04615,4091.735815,16813.95286
10/29/2028,1.439816822,16063.36339,324.3548872,0.559264967,-328294.0234,4.90683901,28007.58565,31889.45204,18905.14269,19183.39195,4.907054528,5.1,20466.84409,6.395004993,0.383313675,3.599981712,12254.22823,4102.618252,14159.32302
11/5/2028,1.437243164,16061.67649,324.384557,0.521570056,-314466.9522,4.935969105,28020.31778,31884.96824,18901.52916,19190.85417,4.928852409,5.089766268,20482.43692,6.395720501,0.385450832,3.589918251,12248.50982,4099.317722,18081.63412
11/12/2028,1.44503696,16062.37986,324.4090073,0.536244775,-393368.2452,4.908549472,28019.16009,31883.10097,18912.71977,19187.68485,4.926282715,5.088829392,20481.95189,6.391301027,0.383837692,3.586309585,12239.89247,4091.375209,-4267.790525
11/19/2028,1.441428209,16060.7806,324.444115,0.523285321,-323640.9044,4.926575438,28014.93274,31887.07055,18910.8691,19185.53906,4.929539032,5.083480835,20475.98943,6.393805667,0.385368352,3.584203675,12228.04706,4091.743054,15458.33098
11/26/2028,1.439816822,16060.7777,324.4572086,0.559264967,-333022.4582,4.90683901,28010.46396,31891.42169,18905.19915,19180.02396,4.907054528,5.1,20467.29687,6.395004992,0.383313675,3.599981712,12254.22911,4102.625419,12817.25899
12/3/2028,1.437243164,16059.11728,324.4862182,0.521570056,-319148.1028,4.935969105,28023.16504,31886.91803,18901.58506,19187.52103,4.928852409,5.089766268,20482.88492,6.3957205,0.385450832,3.589918251,12248.51068,4099.324817,16752.99233
12/10/2028,1.44503696,16059.84686,324.5100126,0.536244775,-398002.5842,4.908549472,28021.97664,31885.03109,18912.77511,19184.3862,4.926282715,5.088829392,20482.39515,6.391301026,0.383837692,3.586309585,12239.8933,4091.382234,-5583.144296
12/17/2028,1.441428209,16058.27354,324.5444686,0.523285321,-328228.9,4.926575438,28017.71891,31888.9812,18910.92388,19182.27454,4.929539032,5.083480835,20476.42801,6.393805666,0.385368352,3.584203675,12228.04787,4091.750008,14156.13233
12/24/2028,1.439816822,16058.29632,324.5569148,0.559264967,-337564.5739,4.90683901,28013.22008,31893.31307,18905.25339,19176.79322,4.907054528,5.1,20467.73082,6.395004991,0.383313675,3.599981712,12254.2299,4102.632303,11528.08389
12/31/2028,1.437243164,16056.6613,324.5852811,0.521570056,-323644.7973,4.935969105,28025.89142,31888.79033,18901.63876,19184.32373,4.928852409,5.089766268,20483.31428,6.395720499,0.385450832,3.589918251,12248.51144,4099.331632,15476.71054
1/7/2029,1.44503696,16057.41603,324.6084364,0.536244775,-402454.3118,4.908549472,28024.67362,31886.88451,18912.82827,19181.22198,4.926282715,5.088829392,20482.81997,6.391301025,0.383837692,3.586309585,12239.89404,4091.388981,-6846.661737
1/14/2029,1.441428209,16055.86761,324.6422573,0.523285321,-332636.1103,4.926575438,28020.3868,31890.81593,18910.97651,19179.14306,4.929539032,5.083480835,20476.84834,6.393805666,0.385368352,3.584203675,12228.04859,4091.756688,12905.25159
1/21/2029,1.439816822,16055.91502,324.6540726,0.559264967,-341927.7121,4.90683901,28015.85918,31895.1293,18905.30549,19173.69414,4.907054528,5.1,20468.1467,6.395004991,0.383313675,3.599981712,12254.23059,4102.638916,10289.71346
1/28/2029,1.437243164,16054.30439,324.681812,0.521570056,-327964.3041,4.935969105,28028.50206,31890.58824,18901.69034,19181.25672,4.928852409,5.089766268,20483.72577,6.395720499,0.385450832,3.58991825,12248.51212,4099.338179,14250.72531
2/4/2029,1.44503696,16055.08325,324.7043445,0.536244775,-406730.6235,4.908549472,28027.2561,31888.66429,18912.87933,19178.18671,4.926282715,5.088829392,20483.22711,6.391301025,0.383837692,3.586309585,12239.8947,4091.395463,-8060.385632
2/11/2029,1.441428209,16053.55872,324.7375467,0.523285321,-336869.6589,4.926575438,28022.94142,31892.57776,18911.02707,19176.1392,4.929539032,5.083480835,20477.25117,6.393805665,0.385368352,3.584203675,12228.04922,4091.763105,11703.6664
2/18/2029,1.439816822,16053.62977,324.7487472,0.559264967,-346118.9252,4.90683901,28018.38625,31896.87335,18905.35554,19170.72136,4.907054528,5.1,20468.54528,6.39500499,0.383313675,3.599981712,12254.23121,4102.645269,9100.145578
2/25/2029,1.437243164,16052.04254,324.7758757,0.521570056,-332113.6051,4.935969105,28031.00187,31892.31471,18901.73989,19178.3147,4.928852409,5.089766268,20484.12013,6.395720498,0.385450832,3.58991825,12248.51272,4099.344468,13073.05454
3/4/2029,1.44503696,16052.84457,324.7978014,0.536244775,-410838.4315,4.908549472,28029.72895,31890.37334,18912.92839,19175.27513,4.926282715,5.088829392,20483.61731,6.391301024,0.383837692,3.586309585,12239.89528,4091.401689,-9226.278263
3/11/2029,1.441428209,16051.34296,324.8304005,0.523285321,-340936.3888,4.926575438,28025.38759,31894.26957,18911.07563,19173.25775,4.929539032,5.083480835,20477.63725,6.393805665,0.385368352,3.584203675,12228.04979,4091.769269,10549.43411
3/18/2029,1.439816822,16051.4367,324.8410019,0.559264967,-350144.9878,4.90683901,28020.80604,31898.54811,18905.40362,19167.86973,4.907054528,5.1,20468.92728,6.39500499,0.383313675,3.599981712,12254.23176,4102.651371,7957.45701
3/25/2029,1.437243164,16049.87193,324.8675353,0.521570056,-336099.407,4.935969105,28033.39556,31893.97257,18901.78749,19175.49258,4.928852409,5.089766268,20484.49809,6.395720498,0.385450832,3.58991825,12248.51325,4099.35051,11941.79425
4/1/2029,1.44503696,16050.69619,324.8888695,0.536244775,-414784.3755,4.908549472,28032.09681,31892.01448,18912.97551,19172.48221,4.926282715,5.088829392,20483.99128,6.391301024,0.383837692,3.586309585,12239.8958,4091.40767,-10346.22458
4/8/2029,1.441428209,16049.21658,324.9208811,0.523285321,-344842.8733,4.926575438,28027.72992,31895.89416,18911.12228,19170.49373,4.929539032,5.083480835,20478.00726,6.393805665,0.385368352,3.584203675,12228.05029,4091.77519,9440.688613
4/15/2029,1.439816822,16049.3321,324.9308988,0.559264967,-354012.4075,4.90683901,28023.1231,31900.15631,18905.44981,19165.13431,4.907054528,5.1,20469.29338,6.39500499,0.383313675,3.599981712,12254.23225,4102.657233,6859.800321
4/22/2029,1.437243164,16047.78888,324.9568521,0.521570056,-339928.1525,4.935969105,28035.68762,31895.56455,18901.83321,19172.78546,4.928852409,5.089766268,20484.86033,6.395720498,0.385450832,3.58991825,12248.51372,4099.356313,10855.11546
4/29/2029,1.44503696,16048.63446,324.9776101,0.536244775,-418574.8335,4.908549472,28034.36415,31893.59041,18913.02077,19169.80311,4.926282715,5.088829392,20484.34968,6.391301024,0.383837692,3.586309585,12239.89626,4091.413415,-11422.03525
5/6/2029,1.441428209,16047.17597,325.0090492,0.523285321,-348595.4268,4.926575438,28029.9728,31897.4542,18911.16709,19167.84236,4.929539032,5.083480835,20478.36188,6.393805665,0.385368352,3.584203675,12228.05073,4091.780878,8375.637357
5/13/2029,1.439816822,16047.31238,325.0184979,0.559264967,-357727.4354,4.90683901,28025.34179,31901.70061,18905.49417,19162.51037,4.907054528,5.1,20469.64425,6.395004989,0.383313675,3.599981712,12254.23268,4102.662864,5805.400877
5/20/2029,1.437243164,16045.78985,325.0438861,0.521570056,-343606.0301,4.935969105,28037.88238,31897.09328,18901.87713,19170.18867,4.928852409,5.089766268,20485.20749,6.395720498,0.385450832,3.58991825,12248.51414,4099.361887,9811.2613
5/27/2029,1.44503696,16046.6559,325.0640825,0.536244775,-422215.9323,4.908549472,28036.53524,31895.10372,18913.06425,19167.23319,4.926282715,5.088829392,20484.69317,6.391301024,0.383837692,3.586309585,12239.89666,4091.418933,-12455.4496
6/3/2029,1.441428209,16045.21766,325.0949637,0.523285321,-352200.1146,4.926575438,28032.12046,31898.95224,18911.21014,19165.29903,4.929539032,5.083480835,20478.70174,6.393805664,0.385368352,3.584203675,12228.05113,4091.786341,7352.558418
6/10/2029,1.439816822,16045.37414,325.1038581,0.559264967,-361296.0764,4.90683901,28027.46629,31903.18355,18905.53678,19159.99336,4.907054528,5.1,20469.98052,6.395004989,0.383313675,3.599981712,12254.23306,4102.668273,4792.55398
6/17/2029,1.437243164,16043.87145,325.1286956,0.521570056,-347138.9847,4.935969105,28039.98396,31898.56126,18901.91932,19167.69771,4.928852409,5.089766268,20485.5402,6.395720497,0.385450832,3.58991825,12248.51452,4099.367242,8808.544112
6/24/2029,1.44503696,16044.75715,325.1483448,0.536244775,-425713.5574,4.908549472,28038.61415,31896.55689,18913.10602,19164.768,4.926282715,5.088829392,20485.02237,6.391301024,0.383837692,3.586309585,12239.89703,4091.424235,-13448.13839
7/1/2029,1.441428209,16043.33835,325.1786823,0.523285321,-355662.7634,4.926575438,28034.17695,31900.39076,18911.25149,19162.85935,4.929539032,5.083480835,20479.02746,6.393805664,0.385368352,3.584203675,12228.05148,4091.79159,6369.797735
7/8/2029,1.439816822,16043.51407,325.1870366,0.559264967,-364724.0987,4.90683901,28029.50059,31904.60756,18905.57772,19157.57892,4.907054528,5.1,20470.3028,6.395004989,0.383313675,3.599981712,12254.2334,4102.673469,3819.622109
7/15/2029,1.437243164,16042.03043,325.2113374,0.521570056,-350532.7268,4.935969105,28041.99633,31899.97091,18901.95985,19165.30826,4.928852409,5.089766268,20485.85907,6.395720497,0.385450832,3.58991825,12248.51485,4099.372386,7845.342755
7/22/2029,1.44503696,16042.93498,325.2304535,0.536244775,-429073.362,4.908549472,28040.60481,31897.95232,18913.14614,19162.40327,4.926282715,5.088829392,20485.33787,6.391301024,0.383837692,3.586309585,12239.89735,4091.429327,-14401.70655
7/29/2029,1.441428209,16041.53485,325.2602612,0.523285321,-358988.97,4.926575438,28036.14614,31901.77211,18911.29121,19160.51909,4.929539032,5.083480835,20479.33962,6.393805664,0.385368352,3.584203675,12228.05179,4091.796631,5425.766429
8/5/2029,1.439816822,16041.72903,325.2680892,0.559264967,-368017.0432,4.90683901,28031.44854,31905.97498,18905.61704,19155.26289,4.907054528,5.1,20470.61166,6.395004989,0.383313675,3.599981712,12254.23371,4102.67846,2885.032278
8/12/2029,1.437243164,16040.26367,325.291867,0.521570056,-353792.7419,4.935969105,28043.92326,31901.32454,18901.99878,19163.01618,4.928852409,5.089766268,20486.16467,6.395720497,0.385450832,3.58991825,12248.51514,4099.377327,6920.099972
8/19/2029,1.44503696,16041.18632,325.3104635,0.536244775,-432300.777,4.908549472,28042.51095,31899.2923,18913.18468,19160.13492,4.926282715,5.088829392,20485.64024,6.391301023,0.383837692,3.586309585,12239.89763,4091.434219,-15317.69576
8/26/2029,1.441428209,16039.80409,325.339755,0.523285321,-362184.1108,4.926575438,28038.03172,31903.09858,18911.32936,19158.27421,4.929539032,5.083480835,20479.6388,6.393805664,0.385368352,3.584203675,12228.05207,4091.801474,4518.938236
9/2/2029,1.439816822,16040.016,325.3470701,0.559264967,-371180.2326,4.90683901,28033.31378,31907.28807,18905.65482,19153.04123,4.907054528,5.1,20470.90768,6.395004989,0.383313675,3.599981711,12254.23398,4102.683254,1987.273486
9/9/2029,1.437243164,16038.56818,325.3703384,0.521570056,-356924.2994,4.935969105,28045.76839,31902.62438,18902.03617,19160.81752,4.928852409,5.089766268,20486.45756,6.395720497,0.385450832,3.58991825,12248.5154,4099.382074,6031.319877
9/16/2029,1.44503696,16039.50819,325.3884285,0.536244775,-435401.0189,4.908549472,28044.33618,31900.57904,18913.22171,19157.959,4.926282715,5.088829392,20485.93003,6.391301023,0.383837692,3.586309585,12239.89788,4091.438918,-16197.58696
9/23/2029,1.441428209,16038.14314,325.4172171,0.523285321,-365253.3503,4.926575438,28039.83726,31904.37234,18911.36602,19156.12081,4.929539032,5.083480835,20479.92553,6.393805664,0.385368352,3.584203674,12228.05231,4091.806126,3647.847041
9/30/2029,1.439816822,16038.37206,325.4240324,0.559264967,-374218.7797,4.90683901,28035.09984,31908.54898,18905.6911,19150.91011,4.907054528,5.1,20471.19137,6.395004989,0.383313675,3.599981711,12254.23421,4102.687859,1124.89428
10/7/2029,1.437243164,16036.94107,325.4468041,0.521570056,-359932.461,4.935969105,28047.53518,31903.87258,18902.0721,19158.70845,4.928852409,5.089766268,20486.73826,6.395720497,0.385450832,3.58991825,12248.51563,4099.386633,5177.565531
10/14/2029,1.44503696,16037.89774,325.4644009,0.536244775,-438379.0989,4.908549472,28046.08391,31901.81464,18913.25727,19155.87176,4.926282715,5.088829392,20486.20777,6.391301023,0.383837692,3.586309585,12239.89811,4091.443432,-17042.8027
10/21/2029,1.441428209,16036.54919,325.4926992,0.523285321,-368201.6495,4.926575438,28041.56615,31905.59548,18911.40122,19154.05517,4.929539032,5.083480835,20480.20033,6.393805664,0.385368352,3.584203674,12228.05253,4091.810595,2811.084502
10/28/2029,1.439816822,16036.79443,325.4990275,0.559264967,-377137.5959,4.90683901,28036.81008,31909.75978,18905.72596,19148.86585,4.907054528,5.1,20471.46327,6.395004989,0.383313675,3.599981711,12254.23443,4102.692283,296.5004058
11/4/2029,1.437243164,16035.3796,325.5213154,0.521570056,-362822.0891,4.935969105,28049.22697,31905.07117,18902.1066,19156.68534,4.928852409,5.089766268,20487.00728,6.395720497,0.385450832,3.58991825,12248.51584,4099.391013,4357.456625
11/11/2029,1.44503696,16036.35226,325.5384315,0.536244775,-441239.8307,4.908549472,28047.75745,31903.00115,18913.29143,19153.86958,4.926282715,5.088829392,20486.47394,6.391301023,0.383837692,3.586309585,12239.89831,4091.447768,-17854.7095
11/18/2029,1.441428209,16035.01954,325.5662522,0.523285321,-371033.774,4.926575438,28043.22163,31906.77002,18911.43504,19152.07371,4.929539032,5.083480835,20480.46369,6.393805664,0.385368352,3.584203674,12228.05273,4091.814887,2007.297782
11/25/2029,1.439816822,16035.28044,325.5721059,0.559264967,-379941.3991,4.90683901,28038.44771,31910.92248,18905.75944,19146.90489,4.907054528,5.1,20471.72385,6.395004989,0.383313675,3.599981711,12254.23461,4102.696533,-499.2474465
12/2/2029,1.437243164,16033.88111,325.5939223,0.521570056,-365597.8542,4.935969105,28050.84694,31906.22214,18902.13975,19154.74467,4.928852409,5.089766268,20487.2651,6.395720497,0.385450832,3.58991825,12248.51602,4099.39522,3569.667242
12/9/2029,1.44503696,16034.86912,325.6105699,0.536244775,-443987.8382,4.908549472,28049.35995,31904.1405,18913.32425,19151.949,4.926282715,5.088829392,20486.72904,6.391301023,0.383837692,3.586309585,12239.89849,4091.451933,-18634.62001
12/16/2029,1.441428209,16033.55158,325.6379252,0.523285321,-373754.3014,4.926575438,28044.80684,31907.89789,18911.46753,19150.173,4.929539032,5.083480835,20480.71609,6.393805664,0.385368352,3.584203674,12228.0529,4091.819011,1235.187354
12/23/2029,1.439816822,16033.82751,325.6433165,0.559264967,-382634.7213,4.90683901,28040.01582,31912.03897,18905.7916,19145.02385,4.907054528,5.1,20471.97358,6.395004989,0.383313675,3.599981711,12254.23478,4102.700615,-1263.635807
12/30/2029,1.437243164,16032.44307,325.6646734,0.521570056,-368264.2432,4.935969105,28052.39813,31907.32737,18902.17159,19152.88309,4.928852409,5.089766268,20487.5122,6.395720497,0.385450832,3.58991825,12248.51618,4099.399261,2812.923721
